t,r0,r1,r2
0.0,5.195843755246e-14,1.26158754318466,1.26158761539775
0.01,1.97541834677729e-05,1.26164303606722,1.26164360312508
0.02,7.90161991348297e-05,1.26178903340447,1.26179643542762
0.03,0.000177784227379128,1.26199146637593,1.26201679056272
0.04,0.000316055038117803,1.26224064056699,1.26228620344283
0.05,0.000493824073538541,1.26253874683545,1.26260021227188
0.06,0.00071108544908109,1.26288943392104,1.26296019013884
0.07,0.000967831919648052,1.26329558422678,1.26336867834131
0.08,0.00126405482639997,1.26375928029739,1.26382794708138
0.09,0.00159974401546942,1.26428195144582,1.26433974793634
0.1,0.00197488758669367,1.26486451316765,1.26490536564178
0.11,0.00238947167223677,1.26550867071238,1.26552577928013
0.12,0.00284348191615221,1.26620188041358,1.2662155174945
0.13,0.00333690338989329,1.26693421342028,1.26697824011274
0.14,0.0038697168078159,1.2677231303575,1.26779820437171
0.15,0.00444190189179251,1.26856901065425,1.26868146099479
0.16,0.00505343730354061,1.26947217092582,1.26963079204142
0.17,0.00570429953342514,1.27043286443355,1.27064738669873
0.18,0.00639446236280098,1.27145129906878,1.271731892946
0.19,0.00712389679352817,1.27252765244622,1.27288457152741
0.2,0.00789257103391499,1.27366208459598,1.27410530279549
0.21,0.00870045058095959,1.27485474992538,1.27539359241179
0.22,0.00954749839085896,1.27610581702997,1.27674854623039
0.23,0.0104336749637657,1.27741547445624,1.27816883411469
0.24,0.0113589382556901,1.27878391621049,1.2796527999853
0.25,0.0123232432660716,1.28021134423503,1.28119886258422
0.26,0.0133265416088737,1.28169795684498,1.28280611225127
0.27,0.0143687810804589,1.28324396273882,1.28447473346137
0.28,0.0154499055540492,1.28484957457185,1.28620601362884
0.29,0.0165698547295012,1.28651501056314,1.28800190383993
0.3,0.0177285640233287,1.28824049502212,1.28986429845937
0.31,0.0189259643449562,1.2900262588767,1.2917943004765
0.32,0.0201619818887897,1.29187253873327,1.29379171093553
0.33,0.0214365378246605,1.29377957746792,1.29585487934921
0.34,0.022749548015911,1.29574762417769,1.29798091485253
0.35,0.0241009227777693,1.29777693592307,1.30016613889691
0.36,0.0254905665871449,1.29986777123611,1.3024066058556
0.37,0.0269183776766133,1.30202040223457,1.30469857255547
0.38,0.0283842477664847,1.30423510689359,1.30703880623193
0.39,0.0298880616879885,1.30651217195264,1.30942475808413
0.4,0.0314296970367032,1.30885189428291,1.31185458492753
0.41,0.0330090237856659,1.31125458390437,1.31432710376226
0.42,0.0346259039068231,1.31372056227191,1.31684167994731
0.43,0.0362801909443815,1.31625016861815,1.31939811681702
0.44,0.0379717295700969,1.31884376375025,1.32199654558257
0.45,0.0397003551934142,1.32150173176606,1.32463732533085
0.46,0.041465893438003,1.32422448655327,1.32732096531537
0.47,0.0432681597274608,1.32701247779539,1.33004806190673
0.48,0.0451069587448173,1.3298661993241,1.33281925229027
0.49,0.0469820839447025,1.33278620303206,1.33563518019089
0.5,0.0488933170172772,1.33577309173833,1.33849647090609
0.51,0.0508404273195114,1.33882755927215,1.34140371359673
0.52,0.0528231713197424,1.34195038887085,1.34435744912342
0.53,0.0548412920167304,1.34514247472795,1.34735816174814
0.54,0.0568945182978993,1.34840484244792,1.35040627406807
0.55,0.0589825643513838,1.35173867032236,1.35350214475693
0.56,0.0611051289846785,1.35514531229472,1.35664606485916
0.57,0.0632618949880301,1.35862631977901,1.35983826203576
0.58,0.065452528450596,1.36218345876626,1.36307889911771
0.59,0.0676766780459813,1.36581871860075,1.36636807709788
0.6,0.0699339743408701,1.36953430177689,1.36970583662507
0.61,0.0722240290524382,1.37309215560753,1.37333257949027
0.62,0.0745464343003227,1.37652697305364,1.37721601461283
0.63,0.0769007618598349,1.38001015218513,1.38118697858291
0.64,0.0792865623874901,1.38354151553903,1.38524749909203
0.65,0.0817033646288564,1.38712083077587,1.38939883410139
0.66,0.0841506746319645,1.39074781343263,1.39364094052519
0.67,0.0866279749373992,1.39442212680962,1.39797175409064
0.68,0.0891347237676795,1.39814338101839,1.40238641700172
0.69,0.0916703542126951,1.40191113166306,1.40687658463348
0.7,0.0942342734153145,1.40572487787716,1.41143006232596
0.71,0.0968258617499334,1.40958405983798,1.41603106071089
0.72,0.099444472013867,1.41348805569572,1.42066127712526
0.73,0.10208942861742,1.41743617781936,1.42530176800497
0.74,0.104760026790533,1.42142766843745,1.4299352474821
0.75,0.107455531800746,1.42546169441594,1.43454816658659
0.76,0.110175178192849,1.4295373414559,1.43913195784025
0.77,0.11291816904877,1.43365360714998,1.44368310565508
0.78,0.115683675279836,1.43780939319816,1.4482021752327
0.79,0.118470834948066,1.44200349646593,1.45269223979434
0.8,0.121278752630687,1.44623459877153,1.45715727550327
0.81,0.124106498825399,1.45050125540609,1.46160082110455
0.82,0.126953109411993,1.45480188224131,1.46602518135873
0.83,0.12981758516916,1.45913474151065,1.47043107893617
0.84,0.132698891354723,1.46349792546257,1.47481766631097
0.85,0.135595957361352,1.46788933459694,1.47918274828759
0.86,0.138507676449471,1.47230666423622,1.48352313717051
0.87,0.141432905564417,1.47674737663228,1.48783499426307
0.88,0.144370465253723,1.4812086784044,1.49211418958152
0.89,0.14731913968262,1.48568749318172,1.49635658854507
0.9,0.15027767676035,1.49018043320699,1.5005583062674
0.91,0.153244788384647,1.49468376786317,1.50471589373133
0.92,0.156219150811163,1.49919339224507,1.50882646153762
0.93,0.159199405156399,1.50370479421576,1.51288776040188
0.94,0.162184158040534,1.50821302195578,1.51689821369887
0.95,0.165171982376663,1.51271265262103,1.52085691100687
0.96,0.168161418314407,1.51719776509826,1.52476354768648
0.97,0.171150974340934,1.5216619212117,1.5286183895661
0.98,0.174139128546705,1.52609811956129,1.53242217765475
0.99,0.177124330059594,1.53049883582128,1.53617598638713
1.0,0.180105000649342,1.53485603088896,1.53988116586554
1.01,0.183079536506196,1.53916113171357,1.54353920132277
1.02,0.186046310193987,1.54340511288881,1.54715161534198
1.03,0.189003672776394,1.54757855678458,1.55071983505646
1.04,0.191949956117313,1.55167174249855,1.55424509222078
1.05,0.194883475348284,1.55567476026057,1.55772830539305
1.06,0.197802531502919,1.55957763712648,1.56116996511154
1.07,0.200705414309729,1.56337049916096,1.56457000994922
1.08,0.203590405130987,1.56704367877182,1.56792767468844
1.09,0.206455780047674,1.57058793080261,1.57124134616658
1.1,0.209299813071917,1.57399444685363,1.57450842403558
1.11,0.212120779475536,1.57725497810401,1.57772524080969
1.12,0.214916959221222,1.58036188104741,1.58088660668308
1.13,0.217686640479967,1.58330809262042,1.58398585589249
1.14,0.220428123216886,1.58608705965038,1.58701444942493
1.15,0.22313972282792,1.58869261405184,1.58996180148416
1.16,0.225819773805638,1.59111880117925,1.59281499497291
1.17,0.22846663341491,1.59335967342447,1.59555855280446
1.18,0.231078685359413,1.5954090656749,1.59817428381291
1.19,0.233654343408824,1.59726036228939,1.60064114866486
1.2,0.23619205497831,1.59890627895426,1.60293528209931
1.21,0.238690304620613,1.6003386733804,1.60503020788856
1.22,0.241147617435737,1.60154840256932,1.60689718171859
1.23,0.243562562313751,1.60252522314631,1.60850584176638
1.24,0.245933755115324,1.60325780236884,1.60982504691355
1.25,0.248259861616195,1.60373377451269,1.6108239231596
1.26,0.250539600308076,1.60393990097473,1.61147304076935
1.27,0.252771744997741,1.60386233563051,1.61174560346279
1.28,0.254953748385533,1.60348758946245,1.61113516047803
1.29,0.257087262640032,1.60280052236261,1.61069689263223
1.3,0.259169859860699,1.60178841475104,1.6098278438475
1.31,0.261200556742829,1.60043915619784,1.60851615964004
1.32,0.263178434886504,1.59874232782811,1.60675594762109
1.33,0.26510264197637,1.5966897445588,1.60454725249171
1.34,0.266972392699686,1.59427580016669,1.60189563191154
1.35,0.26878696940518,1.59149783319025,1.59881152240035
1.36,0.270545722505959,1.5883562959156,1.59530948804627
1.37,0.272248070628597,1.58485480149526,1.59140729813962
1.38,0.273893500517082,1.58100002718668,1.58712515189505
1.39,0.275481566697933,1.57680149666913,1.58248485681715
1.4,0.277011890916935,1.57227126150662,1.5775091706069
1.41,0.278484161356525,1.56742349885906,1.57222121654492
1.42,0.279898131647846,1.56227409761931,1.5666440278414
1.43,0.281253619692193,1.55684020470753,1.56080019166289
1.44,0.282550506302277,1.55113980297087,1.55471158598044
1.45,0.283788733683227,1.54519131804331,1.54839919240753
1.46,0.284968303761637,1.53901327706972,1.54188297458772
1.47,0.286089276387326,1.53262401551151,1.5351818003997
1.48,0.287151767433623,1.52604144198501,1.52831340892519
1.49,0.288155946716038,1.51928285797447,1.52129440236841
1.5,0.289102035984335,1.51236482076656,1.51414025099935
1.51,0.289990306691914,1.50530305555237,1.50686531950953
1.52,0.290821077786621,1.49811239854537,1.49948291189379
1.53,0.291594713445298,1.49080677063358,1.49200530915542
1.54,0.292311620784529,1.48339917582873,1.48444382392603
1.55,0.292972247557029,1.4759017154976,1.47680886680493
1.56,0.293577079848151,1.46832561645187,1.46910999360788
1.57,0.294126639781608,1.46068126893117,1.46135598554876
1.58,0.294621483246405,1.45297826802662,1.45355490191145
1.59,0.295062197653618,1.44522546031063,1.44571414889172
1.6,0.295449399730781,1.43743099404703,1.43784053838288
1.61,0.295783733362532,1.42960236534171,1.42994034280437
1.62,0.296065867482957,1.42174646585181,1.42201934493939
1.63,0.296296494025852,1.41386962795768,1.41408288808552
1.64,0.296476325937822,1.40597766803421,1.40613590893796
1.65,0.296606095257859,1.39807592696914,1.39818298026372
1.66,0.296686551267186,1.39016930805221,1.39022833777305
1.67,0.296718458711364,1.38226231209432,1.38227591107214
1.68,0.296702596097268,1.37432934617267,1.37435906933114
1.69,0.29663975406563,1.36639202639529,1.36646337284544
1.7,0.296530733840504,1.35846709444448,1.35857869625711
1.71,0.296376345755573,1.35055746806708,1.3507082338407
1.72,0.296177407857148,1.34266585646773,1.34285490818027
1.73,0.295934744583393,1.33479477470356,1.33502140295279
1.74,0.295649185518645,1.32694655708446,1.32721017602692
1.75,0.295323926588438,1.31912367555486,1.31919483746462
1.76,0.294955003013131,1.31144210026159,1.3115163313826
1.77,0.294545888772082,1.30371625214439,1.3037467947736
1.78,0.29409722992956,1.29600745924617,1.29602065388456
1.79,0.293609865747757,1.28829998140161,1.28835685165731
1.8,0.29308463457408,1.28062590237197,1.28072626444815
1.81,0.292522373084966,1.27298664786767,1.27313019243935
1.82,0.29192391557827,1.26538354180834,1.26556982688262
1.83,0.291290093384407,1.25781780408547,1.25804626075446
1.84,0.290621734047056,1.25029056571623,1.25056049681188
1.85,0.289919661116657,1.24280286175203,1.24311345541997
1.86,0.289184693443084,1.23535564590149,1.23570598181159
1.87,0.288417644781949,1.22794979336956,1.22833885258767
1.88,0.287619323386895,1.22058610851573,1.22101278211596
1.89,0.286790531646347,1.2132653265267,1.21372842667582
1.9,0.285932065752401,1.20598812051313,1.20648639058381
1.91,0.285044715403744,1.19875510640321,1.19928722990564
1.92,0.284129263529744,1.19156684639734,1.19213145635245
1.93,0.283186486117716,1.18442385249916,1.18501954137311
1.94,0.282217151924493,1.17732659134533,1.17795191873199
1.95,0.281222022358448,1.17027548682039,1.17092898783981
1.96,0.280212745833586,1.16326050739363,1.16353558317532
1.97,0.279177160838852,1.15585603767694,1.15662519479786
1.98,0.278108651970106,1.14896189441123,1.14976036169299
1.99,0.277017317999219,1.14211470926853,1.14294003108618
2.0,0.27590388238887,1.1353147696996,1.13616454666658
2.01,0.274769060637867,1.12856232091758,1.12943423261236
2.02,0.273613560247003,1.1218575728136,1.12274939405268
2.03,0.272438080695668,1.11520069967048,1.11611031721797
2.04,0.271243313430075,1.10859184728544,1.10951726914294
2.05,0.270029941859743,1.10203113642296,1.10297049667286
2.06,0.268798641364806,1.09551866625535,1.09647022511855
2.07,0.26755007931097,1.0890545172689,1.0900166562826
2.08,0.2662849150731,1.08263875402646,1.0836099665751
2.09,0.265003800067176,1.07627142734383,1.07725030514875
2.1,0.263707377790919,1.06995257617475,1.0709377916603
2.11,0.262396283873322,1.06368222919196,1.06467251800047
2.12,0.261071146133387,1.05746040612161,1.05845454507249
2.13,0.25973258464822,1.05128711892241,1.05228390670504
2.14,0.25838121183051,1.04516237277642,1.04616061295024
2.15,0.257017632514696,1.03908616694027,1.04008465348867
2.16,0.255642444050419,1.03305849550376,1.03405600379837
2.17,0.254256236401825,1.02707934804249,1.02807463145688
2.18,0.252859592250072,1.02114871018706,1.02214050211287
2.19,0.251453087099693,1.0152665641496,1.01625358562788
2.2,0.250037289372713,1.00943288898175,1.0104138604467
2.21,0.248612760544156,1.00364766130097,1.00462131754301
2.22,0.247179800820552,0.997910545228514,0.999031854155204
2.23,0.245760607009493,0.99222916317414,0.993433585349282
2.24,0.244313122030389,0.986421604697341,0.987763317878173
2.25,0.242859244628252,0.980831992225715,0.982143428058858
2.26,0.241399337810706,0.975290845824599,0.976572180050417
2.27,0.239933923411826,0.969798249956319,0.971049570818779
2.28,0.238463516899049,0.964354248593162,0.965575591437072
2.29,0.236988627492171,0.958958849278185,0.96015022597639
2.3,0.235509758268355,0.9536120264796,0.954773452029811
2.31,0.234027406253597,0.948313727780512,0.949445240545823
2.32,0.23254206250346,0.943063880905179,0.94416555606409
2.33,0.231054212215061,0.937862398778634,0.938934356916938
2.34,0.229571536565236,0.932712426530238,0.933711926463141
2.35,0.228078694721252,0.927589035315873,0.928533887420203
2.36,0.226586335466339,0.922532588889622,0.923446963964071
2.37,0.22509334799611,0.917524071633853,0.918408551384711
2.38,0.223600188524442,0.91256338683126,0.913418565476081
2.39,0.222107307984831,0.907650439254371,0.908476914783589
2.4,0.220615152104486,0.90278513570952,0.903583500291274
2.41,0.219124161475504,0.897967385421832,0.898738215996999
2.42,0.217634771622204,0.893197100301469,0.893940949757314
2.43,0.216147413066947,0.888474195004125,0.889191585996152
2.44,0.214662511394221,0.88379858706875,0.884490008630072
2.45,0.213180487310173,0.879170196973558,0.87983610559337
2.46,0.211701756693721,0.874588948184481,0.875229773049547
2.47,0.210226730641588,0.870054767178521,0.870670918725858
2.48,0.208713761962732,0.865584692192218,0.866160557937554
2.49,0.207247483475793,0.861144513569468,0.861696500296183
2.5,0.205786122410467,0.856751218316977,0.857279833337042
2.51,0.204330071494638,0.85240474261657,0.852910499520114
2.52,0.202879718963572,0.848105025072462,0.848588448517416
2.53,0.20143544865377,0.843852006766651,0.844313635723815
2.54,0.199997640078367,0.839645631203523,0.840086020332418
2.55,0.198566668514589,0.835485844488489,0.835905563911582
2.56,0.197142905087418,0.831372595162798,0.831772229612661
2.57,0.195726716854366,0.827305834395035,0.827685981560366
2.58,0.19431846688193,0.823285516147704,0.823646784253001
2.59,0.192918514328709,0.819311597275232,0.819654602508578
2.6,0.191527214526522,0.815384037790179,0.815709401767148
2.61,0.190144919064481,0.81150280108861,0.811811147879592
2.62,0.188772568943277,0.807847170857313,0.807958341848527
2.63,0.18741066563364,0.804015615457847,0.804154882133884
2.64,0.186057427282025,0.800271681704765,0.800397269743097
2.65,0.184714564362251,0.79657405020015,0.796686476875377
2.66,0.183382410996063,0.792922684136717,0.793022474032893
2.67,0.182061298097119,0.789317543745369,0.789405231337551
2.68,0.180751553511757,0.785758580171087,0.785834716595527
2.69,0.179453502133016,0.782245733754575,0.782310893117196
2.7,0.178167465773811,0.778778939362391,0.778833718290589
2.71,0.176893762759162,0.775358168052434,0.775403149814584
2.72,0.175632707903806,0.771983479592624,0.772019154267441
2.73,0.174384613323348,0.768655036755243,0.768681714229187
2.74,0.173149788779535,0.765373027714474,0.765390826069205
2.75,0.171928541396753,0.762137567196574,0.762146497015147
2.76,0.170721175620016,0.75894868092106,0.758948737839558
2.77,0.169531850687158,0.755769580934169,0.755805166132045
2.78,0.16835319934217,0.752675268615588,0.752700246492369
2.79,0.167189328486994,0.74962738584098,0.749641946832421
2.8,0.166040532354157,0.746625878006792,0.746630286629149
2.81,0.16490710288,0.743665289801968,0.743670677606892
2.82,0.163789329793145,0.740746986258629,0.740761678854539
2.83,0.162687500794087,0.737875410437317,0.737898716348153
2.84,0.161601901545615,0.735050598442937,0.735081593950254
2.85,0.160532815273427,0.732272582150402,0.732310227141488
2.86,0.159480522739718,0.729541396669783,0.72958478085212
2.87,0.158445301903527,0.726857083930093,0.72690558086988
2.88,0.15742742889798,0.724219687405369,0.724272917758585
2.89,0.15642629581686,0.721629996573467,0.721657742406806
2.9,0.155454086232764,0.719090423564765,0.719179292095815
2.91,0.154489781118546,0.716594105001741,0.716688037374531
2.92,0.153543910255748,0.714144981288665,0.714243749345592
2.93,0.152616742416105,0.71174312922396,0.711846517519547
2.94,0.151708544752349,0.709388630889305,0.70949643962827
2.95,0.150819582874046,0.707081574098619,0.707193622332763
2.96,0.149947719702282,0.70481961235875,0.70496040309975
2.97,0.149097972209989,0.702607507657588,0.702752581642583
2.98,0.148268250796819,0.700443151431837,0.700592362579392
2.99,0.147456849673555,0.698328018864865,0.698476567487769
3.0,0.146667936729215,0.696258775743151,0.696413406926685
3.01,0.14589983341158,0.69423780207714,0.694398041998168
3.02,0.145152796535394,0.692265216233898,0.692430629550747
3.03,0.144427082095629,0.690341141786635,0.690511331374111
3.04,0.143722945376881,0.68846571008872,0.688640313061279
3.05,0.143040641038614,0.686639060423107,0.686817743514079
3.06,0.142380423181941,0.6848613403217,0.685043794781975
3.07,0.141742545422621,0.683132705589286,0.683318642675323
3.08,0.141127260930204,0.681453320149325,0.681642466495725
3.09,0.140534822497652,0.679823355812673,0.680015449531069
3.1,0.139973433336962,0.678254295615118,0.678471574346087
3.11,0.139427624616477,0.676723524133024,0.67694341929444
3.12,0.138905416137361,0.675242678067782,0.675465039791724
3.13,0.138384097280891,0.673852785585011,0.673985027488066
3.14,0.1379092754131,0.672471009172563,0.672607893909485
3.15,0.137458821834003,0.671139847691699,0.67128111036098
3.16,0.137032988446951,0.669859530452152,0.670004913700131
3.17,0.136632027247638,0.668630297086651,0.668779550216383
3.18,0.136256190400543,0.667452397653596,0.66760527491009
3.19,0.13590573031666,0.666326092703114,0.666482351258072
3.2,0.135580899731734,0.665251653364648,0.665411050927583
3.21,0.135281951783466,0.664229361438913,0.664391653849945
3.22,0.135009140086902,0.663259509437847,0.663424448346519
3.23,0.134762718809342,0.662342400551677,0.662509731610465
3.24,0.134542942742408,0.661478348767144,0.661647810079092
3.25,0.134350067374787,0.660667678798842,0.66083900020625
3.26,0.134175927602236,0.659885692161054,0.660099606724404
3.27,0.134041830208257,0.659127809435014,0.659431540398235
3.28,0.133930769184137,0.658480109068018,0.658783113531789
3.29,0.133847644727255,0.657887200193572,0.658189220916306
3.3,0.13379271716388,0.657349450250024,0.657650239032136
3.31,0.133766247926754,0.656867237995142,0.657166558988518
3.32,0.133774679199711,0.656466529377853,0.656731173234979
3.33,0.133804661233919,0.656094267318285,0.656354795699131
3.34,0.133865010132358,0.655780245073779,0.656039548271525
3.35,0.133954884264361,0.655523392000213,0.655781291276865
3.36,0.134087771599857,0.655364735691905,0.655675456401386
3.37,0.134237599097336,0.655223728614905,0.65553199782761
3.38,0.134421367163122,0.655091087798897,0.655436056105816
3.39,0.134632166588631,0.65506817329656,0.655409754002015
3.4,0.134873853510286,0.655105009916533,0.655442894651696
3.41,0.135146705251146,0.655202149705969,0.655536048431215
3.42,0.13545099982168,0.65536015623977,0.65568981388898
3.43,0.135787016678218,0.655579610950774,0.655904807424187
3.44,0.136155037738831,0.655861115486218,0.656181658187368
3.45,0.136553172615327,0.656213313973733,0.656561928815724
3.46,0.13698620352803,0.65662093754151,0.656964190724383
3.47,0.137452100522767,0.657092571549665,0.65743026043383
3.48,0.137951156147698,0.657628899139236,0.657960835642707
3.49,0.138483665612585,0.658230625765588,0.65855663651323
3.5,0.139049926824644,0.658898481304614,0.659218407117876
3.51,0.139650240442882,0.659633221578989,0.65994691654482
3.52,0.14028490993497,0.660435629769722,0.660742959881091
3.53,0.140948342036101,0.66128535298561,0.661591777441592
3.54,0.141652817876298,0.662225202324458,0.662525943173805
3.55,0.142392577651011,0.663235150180662,0.663530214421727
3.56,0.143167936661836,0.664316092498741,0.664605501738058
3.57,0.143979213323862,0.665468964469734,0.665752748276545
3.58,0.144826729206436,0.666694742900846,0.666972930642647
3.59,0.145710809077965,0.667994447552303,0.668267061144089
3.6,0.146631780953403,0.669369141330751,0.669636189281367
3.61,0.147589976145263,0.67081992987008,0.671081403287999
3.62,0.148585729300704,0.672347960812158,0.672603832658007
3.63,0.149618726604139,0.673960448135958,0.674156135019322
3.64,0.150690504342555,0.67564733225689,0.675775719831124
3.65,0.151800940010754,0.677414711317949,0.677534719692831
3.66,0.152950306982649,0.679264342248887,0.679375774688257
3.67,0.154138957472761,0.681197588914404,0.681300232632572
3.68,0.155367246404351,0.683221670999657,0.683315037729887
3.69,0.156635592421243,0.685325661621558,0.68541089951919
3.7,0.157944302644311,0.687517684384252,0.687594496170857
3.71,0.159293743168774,0.68979931132128,0.689867403096516
3.72,0.16068428346102,0.692172174893744,0.69223125792637
3.73,0.162116480596234,0.694630134066169,0.694701052216535
3.74,0.163590356957138,0.697190518415878,0.697251734116477
3.75,0.16510645966692,0.699847514205802,0.69989864959191
3.76,0.166665170690505,0.702603010634879,0.702643689443446
3.77,0.1682668749096,0.705458964398701,0.705488812974596
3.78,0.169911959966637,0.708417404105026,0.708436050451495
3.79,0.17160081601874,0.711480434814325,0.711487506562126
3.8,0.173333835440558,0.71464536171705,0.714650241807526
3.81,0.175111412520837,0.717911874057318,0.71792909288171
3.82,0.176929482510593,0.721242182962734,0.721335895793671
3.83,0.178788799732924,0.724756303287304,0.724839025495239
3.84,0.180702376967637,0.728363010677918,0.728460153979382
3.85,0.182662100835392,0.732088202078235,0.732200317851624
3.86,0.184668370692004,0.73593450992728,0.73606219378918
3.87,0.186721585331657,0.739904637859853,0.740048521281839
3.88,0.188822142233875,0.744001357511341,0.744162097066834
3.89,0.190970436854136,0.748227502490537,0.748405772947668
3.9,0.193172362564693,0.752582972714,0.752776677425063
3.91,0.19541670387987,0.757093160034075,0.757311507533342
3.92,0.19771061437747,0.761725366694431,0.761963665830224
3.93,0.200053809674547,0.766498744982464,0.766757834323766
3.94,0.202446663052233,0.771416249876734,0.77169699374057
3.95,0.204889540000585,0.776480789273834,0.776784064734775
3.96,0.207382796807616,0.781695183879922,0.78202186192068
3.97,0.209926779050364,0.787062116142469,0.787413039662426
3.98,0.212521819900735,0.792584067856126,0.792960024281772
3.99,0.215173304639868,0.798262954342927,0.798682369940785
4.0,0.217871529735341,0.804101194722631,0.804547050987711
4.01,0.220621723034621,0.80973990787015,0.810099773214937
4.02,0.223424146887986,0.807657516216858,0.816259416204869
4.03,0.226279040315935,0.805548483205011,0.822580050852597
4.04,0.229186616162432,0.803413711947864,0.829060607846688
4.05,0.232147057731858,0.801254112894409,0.835698789879482
4.06,0.235160515129892,0.799070597785066,0.842490800979391
4.07,0.238227101384674,0.796864072301377,0.849431032089061
4.08,0.24134675454629,0.794656584138225,0.856502305889233
4.09,0.244518511126675,0.792522174823854,0.863697462910167
4.1,0.247744270230041,0.790254167177613,0.87103108200932
4.11,0.251015266833214,0.787952499277771,0.878481236774935
4.12,0.254347524109205,0.785640806325269,0.885985997393313
4.13,0.257732554515917,0.783310952888272,0.893544929045919
4.14,0.261170072653753,0.78096373534289,0.90112855535239
4.15,0.264659711033042,0.778599933946345,0.90870270377672
4.16,0.268201012429374,0.776220314526867,0.916228585681937
4.17,0.271793421774885,0.773825630362882,0.923663160548969
4.18,0.275438378757507,0.771407437492442,0.930946485302551
4.19,0.279130800312018,0.768981489444217,0.934240077973228
4.2,0.282872106347204,0.766547214327567,0.930190091140783
4.21,0.286661138840273,0.764100688142445,0.926159315029855
4.22,0.290496712623176,0.76164257702688,0.922147585776957
4.23,0.294377485223467,0.759173537193459,0.918154741997485
4.24,0.298297372266892,0.756683911338358,0.914158490620425
4.25,0.302263742140555,0.754194800688669,0.910201347383931
4.26,0.306270218253555,0.751696728175325,0.90626278044391
4.27,0.310314711481527,0.74919033308537,0.902342815352267
4.28,0.314394916420735,0.746676245627793,0.898441504767749
4.29,0.318508299726348,0.744155079157365,0.894558928739152
4.3,0.322653321070287,0.741625597492551,0.890708635043077
4.31,0.326824522070522,0.73909211948947,0.886862738632897
4.32,0.331019828704296,0.736553169251313,0.883036078406638
4.33,0.335235694197464,0.734009286719619,0.879228761833133
4.34,0.339468300083148,0.731461008548459,0.875440835532063
4.35,0.34371355310878,0.728908869584061,0.871672277133727
4.36,0.347967085135865,0.726353399864222,0.867923002685224
4.37,0.352224256389775,0.723795117878198,0.864192892273729
4.38,0.35647993433827,0.721231221841994,0.860464410113538
4.39,0.360729482700952,0.718668769844219,0.856769609134024
4.4,0.364967211488497,0.716104911512749,0.853093486738273
4.41,0.369187497355261,0.713540089815359,0.849436158723765
4.42,0.373385008950838,0.710980644063713,0.845778284147377
4.43,0.377552694926537,0.708415243264205,0.842160109928565
4.44,0.381685000657672,0.705850011691763,0.838561647954847
4.45,0.385775701650425,0.70328537270535,0.83498300264745
4.46,0.389818514917807,0.700721730292864,0.831424183347101
4.47,0.393807143710935,0.69815946891718,0.827885142791879
4.48,0.397735325480889,0.695598958067906,0.82436581341288
4.49,0.401596881799475,0.693040556694512,0.82086613145528
4.5,0.405390888072148,0.69048739648076,0.81724153563409
4.51,0.409101405657387,0.687934825291528,0.813779784791823
4.52,0.412727772927499,0.685385449590559,0.810337697635614
4.53,0.416269252712919,0.682848433376864,0.806874296982989
4.54,0.419711766970448,0.680305925408295,0.803473476022789
4.55,0.42305508509767,0.677767590701075,0.800092322512301
4.56,0.426294955586019,0.675233761309415,0.796730873704937
4.57,0.429427553553673,0.672704757159358,0.793389183920556
4.58,0.432449500299804,0.6701808886579,0.790067315244734
4.59,0.43535922190283,0.667666532049903,0.78677311318238
4.6,0.43815206147335,0.665164422569176,0.783461967392529
4.61,0.440826369226849,0.662656795219355,0.780199341033015
4.62,0.443381089342119,0.66016500513015,0.776962257982148
4.63,0.445815252356084,0.6576698361841,0.773739705656924
4.64,0.448128183009953,0.655181581905983,0.770536969259031
4.65,0.450319662836657,0.652700534686256,0.767354128836215
4.66,0.452389862451998,0.65022697834453,0.76419127435901
4.67,0.454339315730623,0.64776118680589,0.761048500351883
4.68,0.456168892093442,0.645303423661528,0.757925901538932
4.69,0.457881604027797,0.642858321033584,0.754783041635527
4.7,0.459475147932875,0.640416978948383,0.751701306487351
4.71,0.460953120974449,0.637984475576585,0.748639746455431
4.72,0.462317433887194,0.635561044827395,0.745598515036984
4.73,0.463570185266561,0.633146907312475,0.742577776026692
4.74,0.464714187258993,0.630748339503705,0.739551498214182
4.75,0.465750563070243,0.628353327747224,0.736573680485437
4.76,0.466682514598581,0.625968243599175,0.733616593927955
4.77,0.467513578191383,0.623604225607839,0.730652163806375
4.78,0.468241972037645,0.621236866282875,0.72773595583627
4.79,0.468876152945107,0.618882305845578,0.72484119199124
4.8,0.469416510553028,0.616538518004233,0.721967586664095
4.81,0.469865758984334,0.61420570185966,0.719115001658325
4.82,0.470226615272345,0.61188405101654,0.716283333300483
4.83,0.470501789171148,0.609573758764878,0.713472528490389
4.84,0.470694110145927,0.607277796938228,0.710676844435554
4.85,0.470804013015669,0.604991468504256,0.707868310433088
4.86,0.470837892761175,0.602716429580706,0.705119680416764
4.87,0.470795257235015,0.600453531062338,0.702397525530209
4.88,0.470681738411739,0.598202600886878,0.699693501982008
4.89,0.470498122011957,0.595964358690303,0.697011288175179
4.9,0.470246789108073,0.593739064640047,0.694350896203745
4.91,0.469926878063736,0.591525957345624,0.691723065291102
4.92,0.469546929389371,0.589327783514712,0.689104980164285
4.93,0.469106101310866,0.587143141635668,0.686508476538262
4.94,0.468606553922694,0.584972171688819,0.683933458315122
4.95,0.468050387228705,0.582815016592386,0.681379908059705
4.96,0.467439638644029,0.580671825612891,0.678847867000656
4.97,0.466776282307943,0.578542752700913,0.676337421525119
4.98,0.466062229307215,0.576427956121397,0.673848694845639
4.99,0.465299328227106,0.574327600220263,0.671381837081327
5.0,0.464489365962078,0.572241857912105,0.668937011562331
5.01,0.46363406907671,0.570170911005339,0.666514378864653
5.02,0.46273510560863,0.568114948424672,0.664114084793867
5.03,0.461794086919573,0.566074162539606,0.661736254835451
5.04,0.46081256964831,0.564048745365797,0.659380995303385
5.05,0.459792057697828,0.562038885650283,0.657048397872989
5.06,0.458734004011798,0.56004476736852,0.654738545149515
5.07,0.457639812152255,0.558066569303647,0.652451515173442
5.08,0.45651083809338,0.556104465296482,0.650187384710311
5.09,0.455348391863074,0.554158624841876,0.647946231233508
5.1,0.454153739191171,0.552229213759659,0.645728133801074
5.11,0.452928103148595,0.550316394834113,0.643533173724555
5.12,0.451672665752969,0.548420328369078,0.64136143436251
5.13,0.450388569550106,0.546541172645059,0.639213001477841
5.14,0.449076919160289,0.544679084291044,0.637087962607056
5.15,0.447738782750473,0.542834218575498,0.634986407376094
5.16,0.446375193633398,0.541006729634944,0.632908427123737
5.17,0.444987151506782,0.539196770668515,0.630854114892413
5.18,0.443575623949035,0.537404494159652,0.628823565295876
5.19,0.44214154773235,0.535630051887754,0.626816874439079
5.2,0.440685830090682,0.533873595107361,0.624834140195838
5.21,0.439209349997482,0.532135274644582,0.62287546171526
5.22,0.437712959340465,0.530415240966124,0.620940939715115
5.23,0.43619748408786,0.528713644253021,0.619030676398679
5.24,0.434663725386843,0.527030634479945,0.617144775544638
5.25,0.43311246064482,0.52536636147011,0.615283342467519
5.26,0.43154444454612,0.523720974961177,0.613446484109639
5.27,0.429960410031653,0.522094624664996,0.611634308953775
5.28,0.428361069268876,0.520487460306075,0.609846927187503
5.29,0.426747114523387,0.518899631703179,0.608084450714958
5.3,0.425119219047279,0.517331288806886,0.606346993203128
5.31,0.423478037905732,0.515782581756299,0.604634670044437
5.32,0.421824208773323,0.51425366093174,0.602947598560744
5.33,0.420158352696373,0.512744677006531,0.601285897919227
5.34,0.418481074823141,0.511255781000743,0.599649689243261
5.35,0.416792965100847,0.509787124331875,0.598039095656571
5.36,0.415094598942912,0.508338858876402,0.59645424231942
5.37,0.413386537868162,0.506911136993275,0.594895256510545
5.38,0.411669330109708,0.505504111617769,0.593362267647375
5.39,0.409943511198329,0.50411793628517,0.591855407391337
5.4,0.408209604520115,0.502752765199814,0.590374809630689
5.41,0.406468121846399,0.50140875327878,0.588920610596399
5.42,0.404719563843479,0.500086056211569,0.58749294889798
5.43,0.402964420556991,0.498784830513382,0.586091965561417
5.44,0.401203171876071,0.497505233583294,0.584717804112728
5.45,0.39943628797162,0.496247423752802,0.583370610625748
5.46,0.397664229723229,0.495011560351328,0.58205053377728
5.47,0.395887449118533,0.493797803759168,0.580757724826515
5.48,0.394106389638166,0.492606315434401,0.579492337890919
5.49,0.392321486620589,0.491437258097027,0.578254529751864
5.5,0.390533167614466,0.490290795595384,0.575554746862437
5.51,0.388741852708696,0.489167093096767,0.57242225865306
5.52,0.386947954851389,0.488066317114068,0.569313650436499
5.53,0.385151880153077,0.486988635567447,0.566228995925977
5.54,0.383354028175447,0.485934217846492,0.563168367954399
5.55,0.381554792206607,0.484903234873145,0.560131838413367
5.56,0.37975455952394,0.483895859165527,0.557119478404525
5.57,0.377953711643889,0.482912264903259,0.554131358352327
5.58,0.376152624561379,0.481952627992643,0.551167548034247
5.59,0.37435166897681,0.481017126134008,0.548228116803041
5.6,0.372551210490474,0.480105938898358,0.545313133565141
5.61,0.370751609901143,0.479219247761927,0.542422666844402
5.62,0.368953223264704,0.478357236227214,0.539556784963559
5.63,0.367156402174483,0.477520089863605,0.536715556012926
5.64,0.365361493918117,0.476707996386995,0.533899047969853
5.65,0.363568841648148,0.475921145730991,0.531107328739346
5.66,0.361778784545576,0.475159730128549,0.528340466203551
5.67,0.359991657975401,0.474423944185909,0.525598528319635
5.68,0.35820779363533,0.473713984960087,0.522881583092316
5.69,0.356427519697618,0.473030052048941,0.520189698700411
5.7,0.35465116094482,0.472372347660121,0.517522943514648
5.71,0.352879038899186,0.471741076704396,0.514881386145062
5.72,0.351111471946447,0.471136446864371,0.512265095470569
5.73,0.349348775454252,0.470558668731123,0.509674140703417
5.74,0.347591261885063,0.47000795583833,0.507108591456798
5.75,0.345839240905845,0.469484524773244,0.504568517732616
5.76,0.344093019490342,0.468988595287252,0.502053989992023
5.77,0.342352902019542,0.468520390378371,0.499565079224287
5.78,0.34061919037712,0.468080136394726,0.497101856906047
5.79,0.338892184041223,0.467668063136852,0.494664395155869
5.8,0.337172180172281,0.467284403962698,0.492252766666943
5.81,0.335459473698453,0.466929395901035,0.489867044825432
5.82,0.333754357396985,0.466603279737443,0.487507303699908
5.83,0.332057121973231,0.466306300179825,0.485173618115547
5.84,0.330368056135917,0.466038705920339,0.482866063689492
5.85,0.328687446671541,0.465800749784659,0.480584716831114
5.86,0.327015578516146,0.465592688878721,0.478329654851915
5.87,0.325352734823335,0.465414784636766,0.476100955965349
5.88,0.323699197027558,0.465267303046441,0.473898699256838
5.89,0.322055244918009,0.465150514736861,0.471722964934472
5.9,0.320421156693945,0.465064695124947,0.469573834092701
5.91,0.318797209028983,0.465010124560941,0.467451388977853
5.92,0.317183677131484,0.464987088478492,0.465355712926508
5.93,0.315580834802608,0.463286890408469,0.463563333793134
5.94,0.313988954494635,0.461245007143928,0.461506111828262
5.95,0.312408307365706,0.459230150032575,0.459475478754433
5.96,0.310839163336002,0.457242407278839,0.457471525660985
5.97,0.309281791140614,0.455281868408617,0.455494344864973
5.98,0.307736458383234,0.453348624307728,0.453544029907172
5.99,0.306203431587543,0.451442767302712,0.451620675598101
6.0,0.304682976248497,0.449564391160791,0.449724378031968
6.01,0.303175356881296,0.4477135911614,0.447855234574744
6.02,0.301680837071269,0.445890464143088,0.446013343923708
6.03,0.300199679522605,0.444095108545793,0.444198806086107
6.04,0.29873214610292,0.442327624464172,0.442411722408529
6.05,0.297278497890791,0.440588113709724,0.440652195578147
6.06,0.295838995222667,0.438876679839419,0.438920329643191
6.07,0.294413897733729,0.437193428239259,0.437216230023569
6.08,0.293003464405305,0.43553846611601,0.435540003522765
6.09,0.291607953602063,0.433891758310298,0.433911902640407
6.1,0.290227623116009,0.432271603968998,0.432313848919556
6.11,0.288862730226171,0.430679651466864,0.430744418139354
6.12,0.287513531659634,0.42911601318092,0.42920372557559
6.13,0.286180283737851,0.427580802884003,0.427691888625156
6.14,0.284863242346926,0.426074135766578,0.426209026947785
6.15,0.283562662982468,0.424596128418318,0.424755262469675
6.16,0.282278800791161,0.423146898853691,0.42333071945851
6.17,0.281011910599315,0.421726566482329,0.421935524625805
6.18,0.279762246946298,0.420335252152652,0.420569807156747
6.19,0.278530064082453,0.418973078147028,0.419233698804076
6.2,0.277315616093397,0.417640168133882,0.417927334028263
6.21,0.276119156806397,0.416336647216333,0.416650849871756
6.22,0.274940939886347,0.41506264191993,0.415404386293873
6.23,0.273781218849108,0.41381828024331,0.4141880860855
6.24,0.272640247082032,0.412603691607997,0.413002095017888
6.25,0.271518277872686,0.41141900685857,0.411846561901044
6.26,0.270415564417855,0.410264358372153,0.41072163871239
6.27,0.269332359863856,0.409139879964996,0.409627480657692
6.28,0.268268917318027,0.408045706984085,0.408564246281453
6.29,0.26722548987122,0.406981976321356,0.407532097533712
6.3,0.266202330623642,0.405948826431739,0.406531199936019
6.31,0.265199692700952,0.4049463973828,0.405561722622532
6.32,0.264217829282671,0.403974830893682,0.404623838509437
6.33,0.263256993622602,0.4030342703891,0.403717724349596
6.34,0.262317439071735,0.402124861097239,0.402843560879408
6.35,0.261399419099888,0.401246750036439,0.402001532936492
6.36,0.260503187358698,0.400400086214319,0.401191829594806
6.37,0.259628997653872,0.399585020630282,0.400414644234779
6.38,0.258777104017184,0.398801706428388,0.399670174809015
6.39,0.257947760722332,0.398050298928374,0.398958623738619
6.4,0.257141222361579,0.397330955912432,0.398280198356965
6.41,0.256357743829793,0.396643837641125,0.397635110795896
6.42,0.255597580409593,0.395989107046397,0.397023578312045
6.43,0.254860987810862,0.395366929939018,0.39644582328768
6.44,0.254148222221946,0.394777475147781,0.395902073500214
6.45,0.253459540376434,0.394220914772031,0.395392562269809
6.46,0.252795199613558,0.393697424361854,0.394917528632593
6.47,0.252155457945874,0.393207183176621,0.394477217440624
6.48,0.251540574134989,0.39275037445658,0.39407187965409
6.49,0.250950807771963,0.392327185661105,0.393701772450844
6.5,0.250386419363688,0.391937808782471,0.393367159460051
6.51,0.249847670421983,0.391582440623848,0.393068310925878
6.52,0.249334823566031,0.391261283151436,0.392805503967736
6.53,0.248848142620169,0.390974543787411,0.392579022754151
6.54,0.248387892725111,0.390722435773764,0.392389158746788
6.55,0.247954340451309,0.390505178554288,0.39223621090993
6.56,0.247547753929399,0.390322998070648,0.39212048598793
6.57,0.247168402934349,0.390176127262902,0.392042298715884
6.58,0.246816559071405,0.390064806281255,0.392001972132411
6.59,0.246492495874392,0.389989283049606,0.391999837692363
6.6,0.246196488952279,0.389949813552275,0.392036235757404
6.61,0.245928816131317,0.389946662314213,0.392111515751158
6.62,0.245689757600571,0.389980102713715,0.392226036474614
6.63,0.245479596060913,0.390050417456769,0.392380166428314
6.64,0.245298616876583,0.39015789884521,0.392574284118701
6.65,0.245147108229927,0.390302849406587,0.392808778393963
6.66,0.245025361275374,0.390485581973085,0.393084048777952
6.67,0.244933670300814,0.390706420274151,0.393400505830229
6.68,0.244872332878786,0.390965699154333,0.393758571546455
6.69,0.244841650050566,0.391263765088952,0.394158679595561
6.7,0.244841926453466,0.391600976282128,0.39460127591294
6.71,0.244873470504123,0.391977703115894,0.395086818978894
6.72,0.244936594556469,0.392394328404534,0.395615780266835
6.73,0.245031615061715,0.392851247654804,0.396188644671294
6.74,0.24515885273143,0.393348869327449,0.396805910963562
6.75,0.245318632698714,0.393887615002257,0.397468092258964
6.76,0.245511284679089,0.394467919633431,0.398175716468772
6.77,0.245737143130842,0.395090231681271,0.398929326817038
6.78,0.24599654741453,0.395755013281679,0.39972948234261
6.79,0.246289841951624,0.396462740289391,0.400576758398503
6.8,0.246617376382153,0.397213902493646,0.401471747196697
6.81,0.246979505728949,0.398009003501131,0.402415058432099
6.82,0.247376590527842,0.398848560927494,0.403407319646812
6.83,0.247808997007322,0.39973310628262,0.404449177097716
6.84,0.248277097237098,0.400663185017125,0.405541296068231
6.85,0.248781269271497,0.401639356433052,0.406684361615503
6.86,0.249321897302468,0.40266219352828,0.407879079151515
6.87,0.249899371799526,0.403732282983946,0.409126175038513
6.88,0.25051408966279,0.404850224900484,0.410426397234884
6.89,0.251166454359829,0.406016632641162,0.41178051586857
6.9,0.251856876064635,0.40723213255743,0.413189323991509
6.91,0.252585771781016,0.408497363722959,0.414653637994051
6.92,0.253353565488228,0.40981297756151,0.416174298394899
6.93,0.2541606882526,0.411179637470333,0.417752170282867
6.94,0.25500757834709,0.412598018321312,0.419388144001755
6.95,0.255894681378048,0.414068805983318,0.421083135658179
6.96,0.256822450317913,0.41559269662295,0.422838087510063
6.97,0.257791345694363,0.417170396097701,0.424653968546657
6.98,0.258801835605837,0.41880261898291,0.426531774789889
6.99,0.25985439580233,0.420490087824328,0.428472529596591
7.0,0.260949509736283,0.422233531959664,0.430477283822433
7.01,0.262087668594952,0.424033686338784,0.432547115939914
7.02,0.263269371312895,0.425891290118506,0.434683131864843
7.03,0.264495124571371,0.427807085084005,0.436886464692729
7.04,0.265765442721975,0.429781813850805,0.439158274356614
7.05,0.267080847781977,0.431816217805207,0.44149974659012
7.06,0.268441869291445,0.433911034722152,0.443912092102295
7.07,0.269849044186247,0.436066996224527,0.446396545044291
7.08,0.271302916614533,0.438284824655191,0.448954361077445
7.09,0.272804037693702,0.440565229744734,0.451586815093087
7.1,0.274352965271625,0.442908904691056,0.454295198105105
7.11,0.275950263509448,0.445316521874609,0.457080813570553
7.12,0.27759650250414,0.447788727911668,0.459944972788302
7.13,0.279292257778631,0.450326138129073,0.462888989425471
7.14,0.281038109695088,0.452929330376747,0.465914172622402
7.15,0.282834642780554,0.455598838060646,0.469021819055875
7.16,0.284682444863531,0.45833514227871,0.472213203312456
7.17,0.286582106251136,0.461138663292469,0.475489566366689
7.18,0.288534218554623,0.464009750625114,0.478852101738945
7.19,0.290539373541179,0.466948672493075,0.482301939789033
7.2,0.292598161696737,0.469955603736754,0.485840128526074
7.21,0.294711170619894,0.473030612747644,0.489467611429752
7.22,0.29687898321794,0.476173646929088,0.493185201540777
7.23,0.299102175614724,0.479384516829723,0.496993551155376
7.24,0.301381314836081,0.482662878878901,0.500893116792349
7.25,0.303716956142434,0.486008216521487,0.504884118774686
7.26,0.306109640045302,0.489419819981497,0.508966494562281
7.27,0.308559888923924,0.492896764411821,0.513139845705582
7.28,0.311068203303495,0.496437886875602,0.517403377623948
7.29,0.313635057517987,0.500041761768517,0.521755831533472
7.3,0.316260895004041,0.503706675359467,0.52619540874399
7.31,0.318946122960549,0.50743059940544,0.530719687101686
7.32,0.321691106409424,0.511211164324044,0.535325529885154
7.33,0.32449616152262,0.51504563236052,0.540008988619085
7.34,0.32736154829153,0.518930871302461,0.544765200860683
7.35,0.330287462296367,0.522863329479196,0.549588286370135
7.36,0.333274025641747,0.526839012841627,0.554471245307807
7.37,0.336321276838018,0.53085346504749,0.559405862547424
7.38,0.339429159820406,0.534901751527503,0.564382627130069
7.39,0.342597511686761,0.538978448777911,0.569390671624743
7.4,0.345826049368501,0.543077639732484,0.574417743445319
7.41,0.349114354992183,0.547192916719612,0.579450214167849
7.42,0.35246185999956,0.551317392274487,0.584473139638981
7.43,0.355867827949676,0.555443719234207,0.589470375479286
7.44,0.359331335895496,0.559564120038713,0.594424752548025
7.45,0.362851254572198,0.563670425609508,0.599318310447667
7.46,0.366426227110399,0.567754123545466,0.604132573771649
7.47,0.370054646716896,0.57180641694356,0.608848831708313
7.48,0.373734633237008,0.57581829930546,0.613448308417412
7.49,0.377464008854377,0.579780666626813,0.617912228178479
7.5,0.381240273331157,0.583684529536236,0.622229488877104
7.51,0.385060579019166,0.587521469605352,0.626393219656097
7.52,0.388921706238422,0.591284470170736,0.627611855798999
7.53,0.392820039572573,0.594968442449972,0.625975830851489
7.54,0.396751545851323,0.598568061335659,0.624384742277243
7.55,0.400711754653826,0.602073786440553,0.622840765139484
7.56,0.404695742229301,0.605473667362054,0.621349290984077
7.57,0.408698120019824,0.608758497277077,0.619913612302562
7.58,0.412713028963452,0.611922351460725,0.618200078672707
7.59,0.416734140514886,0.61496085262895,0.616202775744774
7.6,0.420754665968799,0.614235916077934,0.615944520026185
7.61,0.424767374916424,0.612299912616045,0.614733814123639
7.62,0.42876462381859,0.610395174245933,0.613579583671575
7.63,0.432738395653826,0.608522105460614,0.612482250392594
7.64,0.436680350667751,0.606681106039088,0.611442315245476
7.65,0.440581888433811,0.604872570717999,0.610460326139852
7.66,0.444434220678053,0.603096888822936,0.609536857777428
7.67,0.448228453543547,0.601354443942934,0.608672498287688
7.68,0.451955678024538,0.599645613557724,0.607867839791095
7.69,0.455607066029712,0.59797076867603,0.607123470890373
7.7,0.459173969839344,0.596330273483068,0.606439970229247
7.71,0.462648021657283,0.594724484966767,0.605817900257734
7.72,0.466021230429543,0.593153752547902,0.605257800981726
7.73,0.469286072763574,0.591618417727414,0.604760183353128
7.74,0.472435575080792,0.590118813716899,0.604325522102914
7.75,0.475463384643165,0.588655265085773,0.603954247933863
7.76,0.478363827475064,0.587228087411696,0.603646738768722
7.77,0.481131951958882,0.5858375869382,0.603403310165659
7.78,0.483763557502608,0.5844840602482,0.603224204644177
7.79,0.48625520846782,0.58316779393787,0.603109579819994
7.8,0.488604233932197,0.581889064317273,0.603059495453116
7.81,0.490808714616515,0.580648137124281,0.603073899249881
7.82,0.492867458471661,0.579445267233269,0.603152611623442
7.83,0.494779966754323,0.578280698424453,0.603295309369816
7.84,0.496546392359529,0.577154663157282,0.603501508851728
7.85,0.498167492241555,0.576067382331744,0.602393257878741
7.86,0.499644575325779,0.575019065127963,0.600221312745564
7.87,0.500979447158962,0.574009908836942,0.598056438106239
7.88,0.502174352065943,0.573040098711781,0.595899304282703
7.89,0.503231913057348,0.572109807941163,0.593750579489871
7.9,0.504155069493888,0.57121919747054,0.591610929567184
7.91,0.504947011960228,0.570368416013235,0.589481017576797
7.92,0.505611113888553,0.569557600043686,0.587361503426656
7.93,0.506150859659473,0.568786873769803,0.585253043582061
7.94,0.506569769751246,0.568056349237498,0.583156290558814
7.95,0.506871325017194,0.567366126396124,0.581071892586838
7.96,0.507058894248931,0.566716293198116,0.579000493109319
7.97,0.507135671797692,0.566106925752711,0.576942730361079
7.98,0.50710463427335,0.565538088506342,0.574899236896505
7.99,0.506968526401361,0.565009834442026,0.572870639101194
8.0,0.50672988456488,0.564522205306509,0.570857556711795
8.01,0.506391101458977,0.564075231886765,0.568860602308008
8.02,0.505954526624252,0.563668934286699,0.566880380804772
8.03,0.505422587166206,0.563303322252549,0.564917488945165
8.04,0.50479790418993,0.562972514763728,0.56297839544421
8.05,0.504083377631581,0.561046037075292,0.562694143877564
8.06,0.503282217816954,0.559138624940905,0.562450548223055
8.07,0.502397915465852,0.557250837140252,0.56224758020689
8.08,0.501434158149147,0.555383221654685,0.562085202996235
8.09,0.500394714325996,0.553536315145144,0.561963371603372
8.1,0.499283311310705,0.551710642429071,0.561882033267805
8.11,0.498103530302375,0.549906715978338,0.561841127894088
8.12,0.496858732740228,0.548125035421046,0.561840588381621
8.13,0.495552022060697,0.546366087062197,0.561880341124677
8.14,0.494186236982713,0.544630343397887,0.561960306245502
8.15,0.492763967852347,0.542918262682131,0.562080398139912
8.16,0.491287586710393,0.54123028847908,0.562240525679461
8.17,0.48975928287596,0.53956684924305,0.562440592608638
8.18,0.488181098215662,0.53792835794508,0.562680497851423
8.19,0.486554958458666,0.5363152117373,0.562960135780518
8.2,0.484882698997078,0.534727791577152,0.563279396468729
8.21,0.483166084855698,0.533166461963406,0.563638165906747
8.22,0.481406825464911,0.531631570667683,0.564036326192868
8.23,0.479606584811781,0.53012344851617,0.564473755643227
8.24,0.477766988364848,0.528642409209488,0.563712487211924
8.25,0.47588962735559,0.527188749190367,0.560846998779901
8.26,0.473976061311397,0.52576274755016,0.55797440118108
8.27,0.472027819408201,0.524364665990008,0.555095686470388
8.28,0.470046401156796,0.522994748795713,0.55221183376157
8.29,0.468033276582478,0.521653222954004,0.549323808643592
8.3,0.465989886263187,0.52034029818162,0.546432563053664
8.31,0.463917641400042,0.519056167151932,0.543539034708511
8.32,0.461817923785315,0.517801005663775,0.540644146882974
8.33,0.459692085914174,0.51657497290577,0.537748808120807
8.34,0.457541451181939,0.515378211771638,0.53485391191794
8.35,0.455367314165645,0.514210849210841,0.531960336522593
8.36,0.453170940995719,0.513072996639164,0.529068944612017
8.37,0.450953569808268,0.511964750368184,0.526180583154282
8.38,0.448716411221756,0.510886192153175,0.523296083238659
8.39,0.446460648919055,0.509837389646976,0.520416259693038
8.4,0.444187440195782,0.508818397023336,0.517541911115894
8.41,0.441897916576289,0.507829255539313,0.514673819627108
8.42,0.439593184381637,0.506869994198531,0.51181275072271
8.43,0.437274325343407,0.5059406303823,0.508959453153942
8.44,0.434942397183559,0.50504117053322,0.506114658784927
8.45,0.432598434179102,0.503279082576952,0.504171610819683
8.46,0.430243447716744,0.500453422368661,0.503331937880811
8.47,0.427878426808256,0.49763835893627,0.502522129502437
8.48,0.425504338603002,0.494834555870685,0.50174215534638
8.49,0.423122128858365,0.492042659619543,0.500991977648225
8.5,0.420732722387568,0.489263299339788,0.500271551922537
8.51,0.418337023491391,0.486497087061465,0.499580827669389
8.52,0.415935916362012,0.483744617647117,0.498919749052912
8.53,0.413530265459918,0.481006468817393,0.497152477726443
8.54,0.411120915879842,0.478283201254959,0.49429673030967
8.55,0.408708693697289,0.475575358645336,0.49144921422447
8.56,0.406294406282256,0.472883467879747,0.488610675298042
8.57,0.403878842637766,0.470208039064611,0.485781836600759
8.58,0.401462773686316,0.46754956573673,0.482963398850052
8.59,0.399046952568349,0.464908525014963,0.480156040867011
8.6,0.396632114928554,0.462285377757694,0.477360420053037
8.61,0.394218979197406,0.459680568806653,0.474577172863583
8.62,0.39180824686558,0.457094527164793,0.471806915327953
8.63,0.389400602770656,0.454527666266796,0.469050243520621
8.64,0.386996715345349,0.451980384166219,0.466307734150241
8.65,0.384597236918682,0.44945306386243,0.463579945016097
8.66,0.382202803971877,0.446946073537766,0.46086741557977
8.67,0.379814037432159,0.444459766845817,0.458170667502697
8.68,0.377431542930855,0.441994483224063,0.455490205164214
8.69,0.375055911099539,0.439550548153974,0.452826516224153
8.7,0.372687717845129,0.437128273576187,0.450180072095217
8.71,0.370327524648033,0.434727958072597,0.447551328541613
8.72,0.367975878843135,0.4323498872809,0.444940726240365
8.73,0.365633313914966,0.429994334200812,0.442348691149424
8.74,0.363300349794411,0.427661559529736,0.439775635158419
8.75,0.36097749315798,0.425351811962716,0.437221956557821
8.76,0.35866523771357,0.423065328596358,0.434688040471727
8.77,0.356364064519211,0.420802335150247,0.432174259438854
8.78,0.35407444226986,0.418563046370395,0.42968097382948
8.79,0.351796827600272,0.416347666315888,0.42720853232942
8.8,0.349531665382287,0.414156388683768,0.424757272369358
8.81,0.347279389021692,0.411989397099324,0.422327520593489
8.82,0.345040420751598,0.409846865459645,0.419919593265377
8.83,0.342815171922875,0.40772895811662,0.417533796693217
8.84,0.340604043280014,0.405635830298551,0.415170427623363
8.85,0.338407425285712,0.403567628241044,0.412829773662359
8.86,0.336225698330899,0.401524489512652,0.410512113599767
8.87,0.334059233050163,0.399506543230261,0.408217717804424
8.88,0.331908390573989,0.397513910295936,0.405946848565986
8.89,0.329773522791471,0.395546703585257,0.403699760444723
8.9,0.327654972567506,0.393605028186538,0.40147670056786
8.91,0.325553074046533,0.391688981505916,0.399277908976278
8.92,0.323468152821466,0.389798653484816,0.397103618896287
8.93,0.321400526188513,0.387934126748024,0.394954057029188
8.94,0.319350503348595,0.38609547670868,0.392829443834205
8.95,0.317318385636774,0.384282771685724,0.390729993830026
8.96,0.315304466681941,0.38249607302321,0.38865591576719
8.97,0.313309032608427,0.380735435161839,0.38660741288036
8.98,0.311332362218625,0.37900090571886,0.384584683181951
8.99,0.309374727148897,0.377292525553266,0.382587919616202
9.0,0.307436392028118,0.375610328829698,0.380617310251722
9.01,0.305517614634982,0.373954343081598,0.37867303845612
9.02,0.303618645990594,0.372324589326443,0.376755282985402
9.03,0.301739730540344,0.370721082157527,0.374864218083288
9.04,0.299881106275084,0.369143829972217,0.373000013426391
9.05,0.298043004783198,0.367592835337167,0.371162833919176
9.06,0.296225651398313,0.366068095565836,0.369352839242996
9.07,0.294429265282111,0.364569603723622,0.367570183007973
9.08,0.29265405951153,0.363097350308647,0.365815011166501
9.09,0.290900241159862,0.36165132604971,0.364087459342564
9.1,0.289168011377097,0.360231526509704,0.36238764835576
9.11,0.287457565428347,0.358837959530804,0.360715676817112
9.12,0.285769092796587,0.357470656730558,0.359071609841801
9.13,0.284102777254592,0.356129690119008,0.357455462399128
9.14,0.282458796862133,0.354815192550012,0.355867179058261
9.15,0.28083732406619,0.353527372726366,0.354306619132791
9.16,0.279238525742803,0.352266497195882,0.352773574705779
9.17,0.277662563249416,0.351032786090363,0.351267875075962
9.18,0.276109592477368,0.349789613671396,0.349826186347747
9.19,0.274579763902036,0.348339372106214,0.348646147859461
9.2,0.273073222638279,0.34691811826629,0.34749172542213
9.21,0.27159010850356,0.345526731222388,0.346362054143334
9.22,0.270130556070714,0.344165641484225,0.345256709436654
9.23,0.26869469473355,0.342834875671141,0.344175662403822
9.24,0.267282648775782,0.34153427968681,0.343119057043887
9.25,0.265894537444857,0.340263682203089,0.342087047028556
9.26,0.264530475030594,0.339022959933001,0.341079730706586
9.27,0.263190570948186,0.337812046786739,0.340097142301563
9.28,0.26187492985637,0.336630922961427,0.339139263154826
9.29,0.260583651714202,0.335479600877883,0.338206036104232
9.3,0.259316831923429,0.334358113713551,0.337297377498288
9.31,0.258074561434478,0.333266507040596,0.336413185834535
9.32,0.256856926872784,0.332204833324925,0.335553347770577
9.33,0.255664010686017,0.331173148352265,0.334717742220995
9.34,0.25449589123352,0.330171508912851,0.333906242987349
9.35,0.253352643016252,0.329199971491647,0.333118720800879
9.36,0.252234336785061,0.328258591294392,0.332355044676504
9.37,0.25114103972448,0.327347421779415,0.331615082940466
9.38,0.250072815612537,0.326466514381471,0.330898704160464
9.39,0.249029725028392,0.325615918308912,0.330205777783811
9.4,0.248011825526854,0.3247956805303,0.329536174810113
9.41,0.247019171837829,0.324005845719239,0.32888976837999
9.42,0.246051816070587,0.323246456339448,0.328266434305408
9.43,0.245109807920914,0.322517552667958,0.327666051615574
9.44,0.24419319488322,0.321819172871317,0.327088503042455
9.45,0.243302022465654,0.321151353139983,0.326533675518721
9.46,0.242436334408426,0.320514127684643,0.326001460639023
9.47,0.241596172904357,0.319907528902609,0.325491755111555
9.48,0.24078157881984,0.319331587429739,0.325004461216786
9.49,0.239992591915262,0.3187863322432,0.324539487183549
9.5,0.239229251064391,0.318271790749633,0.324096747620885
9.51,0.23849159447156,0.317787988876748,0.323676163892698
9.52,0.237779659885981,0.317334951135537,0.323277664399036
9.53,0.237093484811419,0.316912700726977,0.322901184998077
9.54,0.236433106711361,0.316521259601459,0.322546669219228
9.55,0.235798563207864,0.316160648531994,0.322214068552342
9.56,0.235189892273567,0.315830887190284,0.321903342673176
9.57,0.234607132416249,0.315531994190992,0.321614459665144
9.58,0.234050322854247,0.31526398715944,0.321347396137168
9.59,0.233519503683369,0.31502688278102,0.321102137392026
9.6,0.233014716033659,0.314820696851722,0.320878677511114
9.61,0.232536002214493,0.314645444303126,0.320677019429341
9.62,0.232083405840167,0.314501139253679,0.320497174961135
9.63,0.231656971995943,0.314387795053724,0.320339164780638
9.64,0.231256747284339,0.314305424274022,0.320203018434404
9.65,0.230882779967761,0.314254038752748,0.320088774250071
9.66,0.230535120043957,0.314233649628019,0.319996479249444
9.67,0.230213819319576,0.314244267268188,0.319926189029312
9.68,0.229918931470692,0.314285901396073,0.319877967630893
9.69,0.229650512090312,0.314358561018679,0.319851887360602
9.7,0.229408618722643,0.314462254446273,0.319848028605275
9.71,0.229193310884422,0.314596989286335,0.319866479624578
9.72,0.229004650072903,0.314762772445754,0.319907336322869
9.73,0.228842699761844,0.314959610126748,0.319970702012425
9.74,0.228707525384603,0.315187507797434,0.320056687155384
9.75,0.228599194303879,0.315446470193402,0.320165409111963
9.76,0.228517775770918,0.315736501316991,0.32029699184607
9.77,0.228463340872639,0.31605760438367,0.320451565671008
9.78,0.228435962467169,0.316409781878446,0.320629266945045
9.79,0.228435715109711,0.316793035475749,0.320830237805693
9.8,0.228462674972189,0.3172073660622,0.321054625901109
9.81,0.22851691973052,0.317652773715632,0.321302584040321
9.82,0.228598528491505,0.318129257706282,0.321574270025342
9.83,0.228707581659912,0.318636816472145,0.321869846306813
9.84,0.228844160827842,0.319175447640211,0.322189479743752
9.85,0.229008348650679,0.319745148006146,0.322533341367702
9.86,0.229200228722266,0.320345913555405,0.322901606122914
9.87,0.229419885420526,0.320977739435325,0.323294452726861
9.88,0.229667403801214,0.32164062002131,0.323712063300431
9.89,0.22994286943969,0.322334548899211,0.324154623341885
9.9,0.230246368296206,0.32305951889646,0.324622321475264
9.91,0.230577986577072,0.323815522125214,0.32511534931573
9.92,0.230937810598748,0.324602549993331,0.325633901330437
9.93,0.231325926649456,0.325420593277121,0.326178174733783
9.94,0.231742420880066,0.32626964215086,0.326748369423796
9.95,0.232187379157221,0.327149686263043,0.327344687868539
9.96,0.232660886964785,0.327967335118062,0.328060714784563
9.97,0.233163029305694,0.328616518749078,0.32900271654545
9.98,0.233693890604644,0.32929244893323,0.329975679993326
9.99,0.234253554636955,0.329995338400898,0.330979593435898
10.0,0.234842104465262,0.330725402595372,0.332014445060808
