real,imag
-0.295705486266094,-0.558367229311085
0.380132069688698,-0.399437639891488
-0.384110948082968,-0.383549253635335
0.057175490711080,0.527066478915146
-0.428900906143248,-0.307161062791718
-0.428993986766672,-0.281859482572648
-0.003807351657509,-0.512652242028874
0.399782079657893,0.302950364627967
0.408715597562409,-0.268904127155099
-0.308788752772214,0.374838269649414
-0.372529483428466,-0.309195597789582
0.476229457816456,-0.086239567125580
0.394623183118555,0.270744539307097
-0.464542884779400,0.052455732023712
0.369232803582389,-0.281713288042263
-0.317520650079261,0.326114491112145
0.449652893279327,0.036332333539185
0.446141448410868,0.061315641051512
0.286788231341262,0.341657813350579
0.031467644744225,-0.436698945429409
0.271858889368718,0.329214282278493
-0.007831938535504,-0.424782350128113
-0.414144920350676,-0.094218774713456
-0.385924626579146,-0.113024495746026
0.294570657671349,-0.271387403002717
0.155425699878235,-0.363980952786430
-0.342338208974223,0.194012000173438
-0.199011262560045,-0.339442673289278
0.355456715289730,-0.167447790701133
-0.157575478860819,0.355703961014688
-0.342310961409552,-0.175584386460134
0.016842470008217,-0.383839266167599
-0.016207947048927,-0.383580973898486
-0.077231128327393,0.370323772176254
-0.065060703475876,-0.367994816091333
0.144520552034489,-0.324230192701137
-0.204748399337607,-0.289260605028926
0.059646834963545,-0.347057711201268
0.061178655336771,-0.339551593347216
0.300498608520716,-0.164016629756036
-0.222822290241437,-0.255209231167332
-0.324313888891529,-0.084027322770407
0.226603295589407,-0.245811146031484
-0.281911935872940,-0.178304543104050
0.032648814947999,-0.324749656474262
-0.081530235368732,0.298750448936665
0.300083243410214,-0.071715703106652
-0.073271262419311,-0.285670004250925
-0.291215416330788,0.019379934056827
-0.098755508895329,0.256574200929643
-0.172419639799572,0.212534666728288
-0.257871434009424,-0.068818924926629
-0.235520073669922,0.078299281466488
0.102686226019625,-0.219999062348328
0.241148268051695,-0.026292444612468
-0.165341407808229,0.167667544606768
0.166536401261901,0.149003456216308
0.196629671075523,-0.095386853049567
-0.049791723307911,0.199304275109586
-0.070075990062102,0.170726698981440
-0.151107755816416,0.101537773862500
0.031337415040538,0.172865578346684
0.064974380356755,0.161338474991799
0.147359815690454,0.089775152196247
0.031170930011031,0.165805940097973
0.157481619573927,0.018521281864831
-0.128818284268340,0.089214952421535
0.149044351452960,0.018609778885118
0.137948138779066,-0.058128134314345
-0.071151799459303,-0.128775961811324
0.041721776476318,0.136694502920241
0.142539827904232,0.003385216702959
-0.069833793476372,-0.123949194690464
-0.141466696888930,0.012629195288395
-0.045729750422544,0.130676914112913
0.137904287784246,0.008988511016996
0.004796057611190,0.137252950817919
0.091853403762291,-0.100244951292024
0.072966498862271,-0.113550984971969
0.095201345163424,0.094476474394112
-0.096011431385916,-0.093335606974901
0.090278815314094,-0.097040893141400
-0.127935841514441,0.033239076352026
-0.054325905661209,0.118801254807974
-0.097816137575523,0.085030816597131
-0.093193041213126,-0.089870432748531
0.127299765235923,0.017255834280469
-0.101847808938151,-0.077899191083195
0.015056729172950,0.126408167310340
-0.003096801056035,-0.126151410423042
0.102491127044665,0.071017683666021
-0.077101143075119,0.095771252908529
-0.121950589781504,0.007803166536902
-0.002073110793908,-0.122089297619672
-0.103227641014242,-0.064198874979319
0.118999698576526,0.024134045062000
0.017622708379896,0.119774630348148
0.097503866175698,0.071172577827618
-0.092259010673998,-0.075610643149381
0.096125774647443,-0.070348963980600
0.077957082991701,-0.089811248706562
-0.117893936637065,0.015150783868903
0.042945891266947,0.110802163626254
0.097047278375442,-0.068331275418221
-0.114857383296015,0.023275850320174
-0.100029499227353,0.060623019371042
0.113344111063600,-0.028196005095432
-0.092033699241841,-0.071809090907172
-0.068677808176714,0.094086772803530
0.090461300438494,-0.073237882633447
0.113445599633635,-0.024878666826624
-0.101815248135202,-0.055586236101422
-0.114853403608681,0.014473118842265
0.109302244289142,0.037008123427990
0.021491799309903,0.112323789095556
-0.095934798271975,-0.061915805775319
-0.005293449828830,0.113493511337877
0.097748030423084,0.056742464006600
0.055046453074974,0.098621167491010
0.092745589004990,0.064245637900238
0.111663296721899,0.005515081608939
0.111473529279368,0.004482075599679
0.016888795861547,0.109794352875570
0.109348732447607,0.015417997433130
0.074150467509801,0.081745957767043
0.087681795834075,-0.066723126464677
-0.075598690258581,0.079818307325905
0.098238595387836,0.049318278783253
-0.108380922207393,-0.010260793198547
-0.108375048090862,0.008296023453850
-0.104478149818374,-0.024278671036950
0.001385038175114,-0.106410525893797
0.105704286194214,0.007620966075131
-0.007707193402695,-0.104964426763578
-0.067669418194309,0.080547593307961
0.067196000163625,0.079948493730876
-0.004834481104841,-0.104048708412347
-0.070533182085775,0.075970596666393
0.002821599979710,-0.103342696661496
0.064176864223437,0.079024896650129
0.073402506946543,-0.068917890541413
-0.005754404015231,0.100116548355457
0.069734663161118,0.071492883743425
-0.096139031267219,-0.026972899424997
-0.051036517646724,-0.085734154596510
-0.062950757425553,0.076219513277690
-0.096822823674489,-0.019243626356408
0.004576868557991,-0.098379021645016
-0.084875141258616,0.049695774152058
-0.038066232595424,0.089457602712892
-0.001547369384069,-0.096915666224533
0.086379888510638,-0.043672550423248
0.034342604404988,-0.090180239311311
-0.047646932887564,0.082958597329656
-0.084802176506716,-0.043259381021472
0.069489197983758,-0.064425008974419
0.034566535966714,-0.087865698747031
-0.090640790022830,-0.023761100394352
0.084013346638737,-0.040604292826196
-0.088925653977542,-0.028214351675915
-0.013699421450414,0.090815971409612
-0.047041308480201,-0.078687114214398
-0.016472371448361,-0.089366239008451
-0.081932320976905,-0.039105202880539
0.089621811670537,0.014119226843166
-0.077325425864048,0.046682368286158
0.002776640237340,-0.090239787613073
0.003350310503839,0.089668270561472
-0.041381993861422,0.079569889638960
-0.017348986586766,0.087564342809151
0.013497386654636,-0.088116151880055
-0.006516029659990,-0.088757960095883
-0.030910071940698,0.083025242330015
-0.050664922978255,-0.071704327382496
0.011855882013734,-0.086552833041128
-0.017439049740668,-0.085415341828645
0.034796966119978,-0.079028264027274
-0.017433674462404,0.084316943306957
0.056895924293542,-0.063686306828310
-0.071582962893681,-0.045704529956340
-0.081022524054364,-0.023706857349085
-0.050698883779841,-0.066851614580513
-0.055921665717163,-0.062228112881103
0.031811073868433,-0.077186688143672
0.072215771323368,-0.041861582977898
0.013080987758022,-0.082115143813620
-0.082362491068997,-0.002315116769764
0.013370277394147,-0.080425526295639
-0.079095947311906,-0.017835354553845
0.070056278513924,-0.040188401494167
0.006920161271624,-0.079923375260571
-0.054253210007350,-0.058653155904281
-0.040013047381099,0.068310043189304
0.052578712212081,-0.057915599712881
-0.066247935766338,-0.040549255345671
0.027631075628783,0.071853697631091
0.005506996091816,-0.076661878288258
0.073728169693540,-0.019552042506879
-0.065533440988679,-0.038297579368443
-0.019183843337098,-0.073395936985782
-0.074950835032784,0.011382093794164
0.048665041840480,-0.057535104011452
-0.055434339565288,0.050783019114177
0.066572450818707,-0.033852740778313
-0.058213601396021,0.045783796568562
-0.073475793218260,0.007211596733426
-0.054537362448549,-0.049609426137198
0.070593843298582,-0.018965323913772
-0.002979249559884,0.072930456430005
0.060703397345822,0.036454151112116
-0.047323087768360,-0.052552618095920
-0.017845126151035,0.067401979880955
0.068769716488691,0.002930837514067
-0.003779867679484,-0.068627655436088
-0.032655433773304,-0.059874442035631
-0.017393173877069,-0.065876087390207
0.036985210991467,0.056916185082917
-0.038268026362907,0.055699109757823
0.024608828181074,0.062000060873784
0.062791356912524,-0.021705385800443
-0.026331758296707,0.060741984657786
-0.026736754253395,-0.060426496130084
-0.017393139090476,0.063317402595005
0.049727381233986,-0.042805901678408
-0.059084434724512,-0.028518517406811
-0.021387369929303,0.061959210778660
0.050156237898863,-0.041575060088518
-0.064423531733032,-0.009649045143554
-0.049440342793593,-0.041176831730708
0.058631498693286,0.026059875075146
0.051791610577518,0.037488820923728
-0.060537081867943,0.019437409896583
-0.040232685318757,0.048747433351340
0.062341813357345,-0.010106050378912
0.062637627484228,-0.000395483780747
0.025581373822172,-0.057001535245419
0.044548751714424,0.043632674399194
-0.059469715738341,-0.018247675725567
-0.060518855260542,-0.013293784046906
-0.053843270125887,0.030605113972230
-0.039274279593134,0.047751148958368
-0.006382154752695,-0.061360025755659
-0.060379425419601,-0.011013628652102
0.041506058924944,-0.044724631673991
-0.005808355637699,-0.060586813990214
-0.059426372442887,0.010531442143851
-0.057693826335424,-0.016175746461156
-0.051567584005597,-0.030003299069270
-0.058250235047013,-0.010507456784024
0.040718386916573,-0.042853032864748
0.014471669573549,0.057158146881155
-0.043189771981477,-0.039714964152641
0.049471779018289,0.031439255527872
0.051319944208248,-0.027900208368982
-0.029435772834437,-0.049097482162892
0.050306706638099,-0.026934711887573
-0.056922297875527,0.002156795053585
0.056289462285114,-0.005380177738295
0.023537284830136,-0.051159694326392
-0.033312584265430,0.045046950832803
-0.052842940436179,-0.015760392631126
-0.002509351312761,0.054786231202328
0.002054628850297,-0.054117739236693
0.040070053642277,-0.035764773617453
0.053483402466483,0.001985410977929
-0.047462849565089,0.024332285829859
0.039252499626488,-0.036044541029431
-0.034045424772695,0.040885632824902
-0.049157661837642,0.019920072004529
-0.040360859922571,-0.033972962501761
0.044268527383456,-0.028446414522390
0.013507805743716,-0.050834719944449
0.003510088215219,-0.052052535634760
-0.009352418294897,-0.051308532269269
-0.001334481106789,-0.051942222961217
-0.047609264390180,0.019596539086034
0.009698158483713,0.050514543350903
0.006713939814697,-0.050970508986185
-0.013846023978347,0.048596027436157
-0.040180103191684,0.030586385028816
0.045234972065875,-0.022006214149750
-0.050283632817966,0.000115091363237
-0.043154915431763,-0.025350858536827
0.032198963793378,-0.038131781863128
-0.000587535556638,-0.049620798648417
0.037514437241354,0.031717147247036
-0.015373554615613,0.046473053007613
-0.039898823827463,-0.028135121409128
-0.033010112484951,-0.035502663690207
-0.026332996276968,-0.040334181668380
0.046504882775846,-0.011234464096129
-0.032594639089063,0.034975983136364
0.026807714718548,0.039392957955147
-0.008651484785787,-0.046567623361421
0.010994146020281,0.044685284206235
-0.010888469427240,0.044548615253942
0.022165885794279,-0.040081087777054
-0.043599193929631,-0.013502394920671
0.033937693473710,-0.030122734653746
0.035524419935776,-0.027914600270606
0.035289979870213,0.027818242255806
0.032934443798362,0.030499589349991
-0.000251135191500,-0.044545651932050
-0.011216792174561,-0.042834850132381
-0.022133048456624,0.038347308351686
-0.033144576516844,0.029251821503396
-0.016135822070396,0.041063679027978
-0.042180651637114,0.011905884228194
-0.039047531545894,-0.019708653586975
-0.032358737970732,0.029405534107335
-0.022009866446650,0.037693742600034
-0.017069674902939,-0.039355549116212
-0.034975853925924,0.024678625516035
-0.011248394067755,0.040692144104962
-0.035092021541393,0.023091429157585
0.017355825575389,0.037993605257435
0.009729116414208,0.040313799935163
0.038347602434511,-0.013727411472754
0.012765037730398,-0.038205433769119
0.036462664712622,0.016935635569397
-0.034701590397764,-0.020276946421545
0.005406231451005,0.039658636923213
-0.039423392478617,0.006371600132970
0.002778147948641,-0.039779256549047
-0.037963606493745,-0.012144042913027
-0.039683760866963,0.002861078682363
0.039344261743974,0.002409234073881
-0.035551625072068,-0.016651686216472
0.015033177723899,0.036135698488896
0.008666763888656,0.037944059254976
0.032445073204400,0.020837626476970
0.037700464246736,-0.008024823814485
-0.025355725694629,-0.028942908364002
0.030906435173613,-0.022420773390329
0.014239795186796,-0.035255256184420
0.033717889740432,0.017413601446441
0.037197404946121,0.003172254549052
-0.014264455693207,0.034458515945436
-0.035515690762184,0.011155458319089
0.024705298563803,0.027821985712220
0.033288141543959,-0.016405889778342
0.014121218118570,-0.033741633416856
-0.030256725029383,-0.020380694215179
-0.029859126209839,0.020552952300946
0.035920457148616,0.004698777489477
-0.034100543499128,-0.011253423083569
0.035368763908009,-0.001868759826698
-0.023703507134639,-0.026261369511063
-0.018101833500264,0.029887686690796
0.030390121973134,-0.017171315587820
-0.033440204036052,-0.009597410551236
0.007589214353435,0.033915478564456
0.031771778636196,-0.013915753984446
0.034253960060412,0.004405975643269
-0.010305451848361,0.032952456396524
-0.025609044067787,0.023152244269327
-0.026185776018318,-0.022374885984036
0.012846471100842,0.031323033789657
-0.031845542422436,0.011043002512913
0.025413920639185,-0.022030312171460
-0.002358974551411,-0.033411028535978
0.017238318783592,-0.028430343697891
0.032773139716845,-0.000660511505173
-0.001461769646273,0.032731484507278
0.032730192655255,0.000835339280663
0.009660112977643,0.031211287384240
0.007805684943570,-0.031433821795726
-0.030996692471599,0.008620401287582
0.002508126971944,-0.031999065973791
0.031798241050378,0.004257438068385
-0.010573199710146,-0.030168587837258
-0.014208748380492,0.028591210860140
-0.031145415493165,0.006707482764811
-0.027644209546538,0.015649597293638
-0.016942757997025,-0.026665589378437
-0.025393061347535,0.018749328641540
-0.030904646820172,-0.005955126339099
0.025122137617744,-0.018877778875673
0.031197979548994,0.002531794984853
0.025895106590657,-0.017571052522940
-0.030929261073696,0.004592539100605
0.030894318167971,0.004414044369624
0.010607174867428,0.029318353388671
-0.023756043982789,-0.020098129424058
-0.015750317196453,0.026831149696922
-0.030725093335115,0.002767038645704
0.000266316160650,0.030828366227548
0.016815064578542,-0.025774900435515
-0.024148733063969,0.019010450901373
-0.010104902166761,0.028938227982098
0.021464015851995,0.021832950507795
0.022184118407761,0.021061752668440
-0.029559975547146,0.006823648157289
-0.001551377711839,-0.029985966498607
0.029756784849441,0.001315962594348
-0.010439629169757,0.027891487424832
-0.011464707873212,0.027398408579841
-0.015003927967614,-0.025625312799628
-0.029627172019193,-0.001996733484684
0.018649514806178,-0.023070451004781
0.019600008628744,0.022254290696920
0.014742700532705,0.025673927343948
0.001985344793654,0.029487355691755
-0.001261629058276,0.029479175723761
0.027214893783235,-0.011367322133291
-0.018652531955396,-0.022812881921683
0.004911022765463,-0.028791546424628
0.003149843866337,0.028838781272687
-0.021823145100045,0.018858382636578
-0.028399207893207,0.003929351802255
0.027063347093871,0.008726545548876
-0.018503877899132,0.020904858401033
-0.016561756041742,-0.022458591922021
0.027284235579533,0.005626068406615
-0.020804860970478,-0.018508332547990
-0.027782718902331,0.001174577053310
0.017407286537661,-0.021560754382402
0.018397574785565,-0.020351556010653
0.027353070183435,-0.000766610980196
-0.016230925302926,0.021828924605864
-0.026764444198667,0.004280859785208
-0.022604920990170,0.014871833770825
-0.009186161622611,0.025344205386457
-0.026805170355678,0.002496661549172
0.009703917469777,0.025052107043002
0.017568856066139,0.020184315560523
-0.025092604658080,-0.007484160241909
0.026100711906947,0.001944461771536
0.024663081563765,0.008380534851779
0.012968765795797,0.022546730362301
0.022543255296844,0.012914289612739
-0.022824244718127,-0.012200050579098
-0.019159354138169,0.017342388098227
-0.010897318597320,0.022944916866894
0.024995668520293,0.004415894787822
-0.001489520426582,-0.025331408766963
0.003207568067481,0.025127471165568
0.000552787967993,-0.025260612076307
0.017858539627806,-0.017777855030823
-0.024851409349399,-0.003895302148759
0.008759885749483,0.023383033131162
-0.023594280781646,-0.007736630556160
-0.000607771778791,0.024810891803962
0.024765377856013,0.001358801701154
-0.024648954896428,0.001307982877833
0.018976543179365,-0.015659099638090
-0.016631682847903,0.018027755472660
-0.010223787431735,0.022278412957382
0.021992821808559,0.010820427050814
-0.018321711615263,-0.016171227010952
0.024110305697750,0.002501291804756
0.019811868357833,-0.013867920915011
-0.019562437731245,-0.014019211717159
-0.006615052648338,-0.023066024611830
-0.001891638372704,0.023913334354273
-0.016032350596115,0.017731709866992
0.017647232280937,-0.015892162895873
0.022804019271314,0.006226905857398
0.022140737021133,-0.008189840964353
0.004790146814141,0.022944159658937
-0.023160256142398,-0.002025016579735
0.017785796056437,0.014525541880066
0.020739073897853,0.009736056087767
0.022752389856281,-0.000361593174529
-0.021152269137208,-0.008362694251847
-0.009740891670385,0.020530717199725
0.000899765868039,0.022674488354315
-0.001605023268149,-0.022539292489399
0.020114641455780,0.009812282466722
0.008089152025521,0.020866264953818
-0.020842098856163,-0.008013833522381
0.003877054703291,0.021794011640913
0.014909117944188,-0.016290802398662
-0.016054950279839,-0.015161066913780
-0.000125212415314,0.021934792630469
-0.004707931503537,0.021248373148734
0.015804940885509,0.014837463178019
-0.020860218653765,-0.005725542576999
-0.001383607685008,-0.021529304550154
-0.021487186528807,0.001033108367185
-0.010958783188780,0.018374347035721
0.021302438389259,-0.000576902498631
-0.012546260360647,-0.017195060127362
-0.013716353422356,0.016262278361994
0.020550429814334,-0.005195302074266
-0.020660409408208,0.004702687825033
-0.004859204920350,-0.020553141248037
-0.017863641220479,-0.011083129656778
0.001654334785173,0.020895516079931
-0.008145429814185,0.019160408960622
0.018135902546156,0.010139083493638
0.020618559804827,0.002048439475291
-0.011813732508097,-0.016984551422556
-0.020484477055416,0.002734847455154
-0.016102254595748,0.012934158510224
-0.013231939497322,-0.015641380452407
0.018574828205895,-0.008601697742188
0.009158007802507,0.018204904926295
-0.019879689189464,-0.003817726101337
-0.007224668266582,-0.018887618668959
0.019762695115417,0.003617414984530
0.008382199474870,-0.018252223762457
-0.018553106926695,0.007645875375570
-0.000453087940289,-0.020035758856277
-0.012451146361853,0.015604741950039
0.000361845142495,0.019889070897505
-0.010012577962665,0.017185354064229
0.005583251607235,-0.019074256419125
0.019728188833511,-0.001965904815568
-0.003172787183847,0.019498745484874
0.014245417758708,-0.013669030984577
0.014492345291393,0.013302528306348
0.013921199726507,0.013867129966544
0.011689616849902,0.015376595733292
-0.014496788984299,-0.012735408652944
0.014498307893894,-0.012707989724397
-0.012957990648897,0.014262603928436
-0.010185347619618,-0.016295006649244
0.019183528710445,0.000881997440647
-0.017037571354637,-0.008776297671963
0.015217729575545,-0.011532503990087
-0.016887585839315,-0.008340861008416
0.008011826585883,-0.016773969947913
0.018130579382331,0.004081831952377
0.000339954423354,-0.018579722273207
-0.001253680893198,0.018524423772607
-0.018359172397161,0.002007685480221
0.018169078034577,-0.002366568925990
-0.018301321831378,-0.000100622753153
0.014095922216775,-0.011663102989665
-0.009643880847946,0.015539970343435
0.014973997336098,0.010461181515515
0.000980909446581,-0.018194567349292
-0.007294249578411,0.016677638123817
-0.000062542417170,-0.018143220030216
-0.017671081088734,-0.003972431142478
-0.004349910693805,0.017539366813151
0.016175404421756,-0.007951349304213
-0.004541681827136,-0.017420847335186
-0.016858568539413,-0.006120067650538
0.000081333209678,0.017903819100957
0.002345814232175,-0.017695296659900
0.006780275201802,0.016443735006042
-0.012470293844169,0.012645042961129
-0.002034085004021,0.017611470941824
0.015496184226903,-0.008356307921093
0.005948278938345,0.016564268144610
-0.016965004466021,-0.004650866002937
0.002267525106668,-0.017431634644961
0.015368879802779,-0.008411810024552
-0.003716514930996,-0.017092075323447
-0.016815652719425,0.004619740289700
0.006227460354309,0.016248575856926
-0.013402398603127,0.010952575125483
0.009350171268207,-0.014550405579588
0.005783899522593,-0.016223476256035
0.000988864447917,-0.017172380086204
-0.013660658056218,0.010436471517323
-0.016880251918700,-0.001580527637468
0.010722542831699,-0.013102971586897
0.009593513282773,0.013621287816447
-0.008376502507866,-0.014376571525249
0.005247160546521,0.015776811288330
-0.015239103469830,-0.006575897640982
0.015985791988317,0.004222753447630
-0.013083380518168,0.010027138238914
0.013673682990942,-0.009154514087800
-0.014744324403268,0.007200306539441
-0.010324716325655,0.012717958973735
-0.005323461898472,0.015465145439741
-0.016313488194697,0.001079291733940
0.006800445500390,-0.014864592772580
-0.004848698518315,0.015579192936098
-0.006223691691519,-0.015047742009490
-0.013961538724584,-0.008319063516999
-0.013713496628683,0.008694428621435
-0.015153671223131,-0.005650643193267
-0.009128065224533,-0.013161238560501
0.000885119243001,-0.015673353039183
0.012012721382300,0.010074999228575
-0.010503268041100,-0.011590930850326
-0.003772830515888,0.015171860830854
-0.014274659599048,-0.006323050179882
0.009171550112862,0.012633237831393
-0.003031995585039,0.015203688164307
0.014835876882398,-0.004399182165443
-0.009084681804752,0.012482292098513
-0.015387957101896,-0.000816270067365
-0.009422291387436,0.012128907113426
0.015027064183095,-0.002594705150071
-0.015097340270553,-0.001978394413520
-0.012867650785376,-0.008092656204402
-0.010870122219695,0.010561721568619
-0.006607390391622,-0.013633252165225
0.001911752355294,-0.015000063775528
-0.001243016339524,0.015064030948445
-0.007720770122256,0.012943481969729
-0.004011290120025,-0.014427847521577
-0.014559462237696,-0.002094717188964
0.009572785322312,-0.011167423668959
-0.001249468327506,0.014646034695635
0.005626820994854,-0.013559411403885
-0.011315048657872,-0.009196580361471
-0.011976248313803,0.008246070179046
-0.014387148815435,0.002091602099093
-0.003576547522600,-0.014065145710410
0.011223320973453,-0.009100443065757
-0.012829835279810,0.006581069392294
-0.007519902847208,-0.012235255038687
-0.006186637122473,0.012921413068597
-0.011313985486786,-0.008571377165879
-0.013967745653323,-0.002195927549743
0.005853149863689,0.012748924271991
0.008561772469387,0.011022613209586
0.002011970927640,0.013752113242689
-0.011731551617720,0.007450521256384
-0.005881799572529,0.012579011088685
-0.000119733561480,-0.013719479154920
0.003937147036746,0.013070297694745
0.003375399501417,0.013124978147408
-0.004697072020144,0.012707642614854
-0.008309200370922,-0.010466842051606
-0.000695502660776,0.013328123455258
0.010161149118941,-0.008619136749596
0.011255058607735,0.007107891763189
0.009015879480071,-0.009750151937255
0.011492600027800,0.006535162385187
-0.010503808824622,0.007862397213656
-0.003094863348002,-0.012747980346919
0.010005732567977,-0.008251475745682
-0.010864236220801,-0.007064631564964
0.010978575182487,0.006879403241327
-0.009528788104494,-0.008759753707145
-0.010223845118351,-0.007822503532907
-0.006079234473089,-0.011339493207745
-0.007225447273279,0.010633511595196
-0.011745898854849,0.005090902688361
0.012461704664837,-0.002895252512225
0.006929244179592,-0.010736104472161
-0.001463418514663,-0.012628679417051
-0.003797104612740,-0.012101800713205
-0.010527323461209,0.006989984688323
0.012486038714991,0.001829874970387
0.012092080258824,0.003508105785020
0.012577952263257,-0.000239979806250
-0.012265032386014,-0.002797140266700
0.008330776573815,0.009425204874553
-0.010909241297403,0.006103575684752
0.008231273078129,-0.009365599324810
0.004783705308921,-0.011503516295932
-0.009846907700871,0.007591394996080
0.010252139327152,-0.007032665428726
-0.003873185477500,0.011782538408280
-0.011321452144570,0.004927719796981
0.007385067098665,0.009887227076447
0.011685116667934,0.003920060061728
0.010286342199479,-0.006623537629746
-0.006868721736256,0.009957307991849
0.006227287069680,0.010322922190856
0.003540926299805,0.011513868262879
-0.009509995676590,0.007256779305543
-0.010119109434187,-0.006298511912551
0.000967540199521,-0.011822185921992
0.004926247058371,-0.010732304175449
-0.011285090854433,0.003355954847223
-0.011661898244790,0.001248339045874
0.011692215341469,0.000338968096155
0.010615917093798,-0.004869925449994
-0.011046739522001,0.003774151577814
0.007648348283900,-0.008774869042459
0.003403766811212,-0.011103274641140
0.009853413619712,-0.006139606931637
-0.010632178368421,0.004547946502607
0.011528069562317,0.000794109620389
-0.008733156547013,-0.007507264206057
0.011178770669127,-0.002591034650878
0.011341088899883,0.001569203693504
-0.003704034254062,-0.010827415842179
-0.009513334691277,-0.006321197000394
-0.010994998106994,-0.002977081717941
-0.009934592324831,0.005532058795273
-0.004678421237631,0.010318781690876
-0.011325433368820,0.000182052328854
0.001698399375454,0.011180528637675
0.000753280010672,0.011243764835450
0.007566977905527,-0.008331858226626
-0.006728660589877,-0.008987199905755
-0.010910065273125,0.002546056163484
-0.002172029056235,0.010942569375237
-0.000668071319909,-0.011106261803201
-0.010179527443350,-0.004348519881737
-0.008092329058701,-0.007397639858879
0.004117319086123,-0.010140628255551
-0.006758044716535,0.008605555283018
-0.002724958274671,-0.010458600999575
-0.000093789226137,0.010801059918348
0.008188535716553,-0.006946934965358
0.003553345016753,0.010133229028952
-0.003730548369251,0.010050118503820
-0.003102306486065,0.010255094750562
-0.010047464275381,-0.003696521923630
-0.010294445084436,-0.002865672739701
0.009053315592142,0.005634603494724
0.003421001207935,0.010070676491202
0.010469122837172,-0.001837628650058
0.010538627698243,-0.001229608433229
0.007637788240053,-0.007332577157678
0.009126361063077,-0.005352301240587
-0.009024894667914,-0.005521477265083
0.006713976905120,0.008176118918437
0.007313697422286,0.007642975164859
0.000332517896892,0.010571263492228
-0.002155376388539,0.010343261263425
0.010514135167377,-0.000498467217670
0.010042925962277,0.002843885573228
-0.005316427995980,0.008981332017955
0.010367939854583,0.000836825555224
-0.008964156038367,-0.005256076232823
-0.009414213184628,0.004343515889222
0.007127727680845,-0.007517868880648
0.007637140970125,0.006967915752562
-0.010230911023508,-0.001468190827112
0.008764178626659,0.005319355346916
-0.006827905998396,-0.007542787542940
-0.009740670958167,0.002732492601954
-0.007903704256372,0.006246303376563
-0.000736094378779,-0.010033701345372
-0.006810982434582,0.007346875812484
0.008477866135258,-0.005197733998896
-0.003833910370547,0.009166608207356
0.005418008194631,-0.008328473783668
-0.007813165211162,-0.006115590433375
0.004775062241185,0.008685146540035
0.000525332996289,-0.009896224446159
-0.009596962109990,-0.002342075924843
0.009660050364443,0.001991262127390
-0.009323960193624,0.003125726495240
-0.008041641390945,0.005659108330715
-0.004343786470393,-0.008819535326640
0.007272093221487,0.006615829255089
0.009326482836403,-0.003049332371156
0.009275226995173,-0.003087983627889
0.002209140188929,0.009508676706032
-0.006331448397801,-0.007227181983805
0.007750323393533,0.005663477425002
-0.009294215404367,0.002194874008852
0.001444142435066,0.009433079881155
-0.006967882491137,0.006432681689315
0.004169393420744,-0.008483709831442
0.006044710554433,-0.007210960512737
-0.002237861613805,0.009119859939161
0.008274632711760,0.004335082707979
0.008159488584274,0.004364710833908
0.004823139899690,0.007896896892606
-0.004794348644909,0.007825356813588
-0.003974295244590,0.008266538464591
0.004287416523424,0.008084706083268
0.008890759894624,0.002132418912402
-0.006240453643962,0.006626155492092
-0.008612607353474,0.002900309956583
-0.001347260844322,0.008985406055476
-0.006540256330913,-0.006176303037235
-0.007247589506865,0.005302381731131
-0.002067740127314,0.008736754626717
0.005571147095682,-0.007018229003213
0.004060359878358,0.007927293263471
0.002332269013861,0.008584441262384
0.005380263761407,0.007053012685010
-0.008739737489653,0.001207020347642
0.001217609729674,0.008732953669007
0.003086774936929,0.008242892299989
-0.008578740478166,0.001805925852034
-0.008517676420369,-0.002032575249396
-0.008679892624444,0.000508684975137
0.008190900214290,0.002766235356357
0.006182263225956,-0.006014711489846
-0.008616106119392,0.000367022475403
-0.008544950442729,0.000235540776633
-0.008481935635314,-0.000243819697239
0.001317674997227,-0.008375693617422
-0.007491712412760,0.003899268398864
0.008290090254410,0.001594143538337
-0.006967032298107,-0.004746548442014
-0.000512503527054,-0.008394552408187
0.008396658906513,-0.000163416724018
-0.005600495324223,-0.006189891221820
-0.005584121407829,0.006158168790728
-0.007870355688852,0.002553331341162
0.007775171893295,0.002804458858402
0.006557114156672,-0.004998509778947
0.005951703521168,-0.005680632208822
-0.000464949021816,-0.008213815431475
0.007586050905134,-0.003128582459297
-0.005553700152495,0.006012845608991
0.004319908061331,0.006929922976729
-0.008064741140384,0.001248104763772
-0.003438165118819,0.007367700988272
-0.007295905804859,-0.003401864167196
-0.002667568915558,0.007594943935460
-0.006909159212486,0.004127777357632
-0.001970461609983,0.007789907055693
0.002156206573190,-0.007712320185411
-0.007728235704601,-0.001950992970440
-0.000137354649245,-0.007955261710156
0.007590071944178,0.002356522887008
-0.007744549732230,-0.001728793737290
0.000072887589751,0.007901735423895
-0.000199210852209,0.007843721707909
0.006448534442306,0.004458515595020
-0.002163260149767,0.007494820722431
0.007717939585263,-0.000958529428243
-0.007681738505751,-0.001147116186278
0.007725212718298,-0.000799069622093
0.004725233641084,0.006135441099083
-0.003084301503218,0.007054059974362
-0.001159611671916,0.007607383403865
-0.007631729340021,0.000904653469099
-0.005420518222329,-0.005404820490196
0.006005336497029,-0.004722618879741
0.007613456587455,0.000168493360847
0.007599395177887,-0.000138857522199
0.005832616430977,-0.004853087555428
-0.007516033551053,-0.001016006867749
0.001590696599749,0.007399757753155
0.006401235779197,-0.003997199286929
0.006885924155213,0.002978841484759
-0.000279531903411,-0.007487569555857
0.007477856133901,0.000121015346405
-0.006562056112049,0.003559680346031
-0.007404359710884,-0.000633383521475
-0.005795716599325,0.004616886517974
0.007273379499710,0.001147987541375
-0.007156695151292,0.001423902404369
-0.005300120275001,0.005008735895076
0.006665176604560,0.002927264959405
0.005683644457450,0.004531421059795
0.000656687612456,0.007236558030249
0.000379249637081,-0.007256339324498
0.001690535971851,0.007064207893301
0.002489503886972,-0.006811221381090
-0.004943314945903,-0.005300303948473
-0.002509181685820,0.006776262007819
-0.001631145270945,-0.007031821714236
-0.004101208211584,0.005914671245982
-0.007139428138821,-0.000808616142737
-0.006825760845294,-0.002152059381843
0.001022993140012,-0.007057038520306
-0.006972840819346,-0.001398631664232
0.004304465137301,-0.005652875256402
0.006194769884694,-0.003419335221293
0.004991021557691,-0.005001403752582
0.000206243850322,0.007061622587186
-0.004321688182582,-0.005573272088248
0.000431925272801,-0.007037619317520
-0.000766477075054,-0.006945779160050
0.006965508029610,0.000555911720545
0.006938110433541,-0.000734101531616
-0.000439314409357,-0.006928430792151
-0.003707581157439,-0.005845172484448
-0.006660142815997,-0.001756265665829
0.006859544268818,-0.000612702868237
-0.006186764867825,-0.003022255107951
0.004614787611961,0.005074255731494
0.000371800187751,-0.006845466574524
-0.006838220658763,0.000476528262704
0.005570830793399,-0.003970672164373
-0.006795523026109,-0.000728787564367
-0.003368242150039,-0.005937417665981
-0.005915160887634,-0.003334460279033
0.005520743607819,-0.003952480492398
-0.003153968417338,-0.006010867235236
-0.003962765887364,-0.005502075282986
-0.000739863130162,0.006687595240889
-0.006581632692768,-0.001378975641413
-0.005511155292332,0.003836698842678
0.004622716795909,-0.004810181109983
0.006644052604284,-0.000540195295319
-0.005592987519291,-0.003614812031721
-0.006161909619216,-0.002467929092793
-0.002103323238982,-0.006294449964456
-0.005038124227375,0.004318027834613
0.000580692302225,-0.006586848035000
-0.003672896763744,-0.005441896316822
-0.004894386444809,-0.004354946197998
0.004749991305133,-0.004509166192728
-0.000943069480108,0.006467292051684
-0.003376771632813,-0.005587086110658
-0.005764191278078,0.003027357994443
0.006056666343207,0.002348321512622
0.004502223020427,0.004669819630856
0.004450206676972,-0.004665265510271
-0.004924183604642,-0.004141687068286
0.000017208633083,0.006421649672901
0.006328700348810,0.001038001768752
-0.004988705559175,0.004012041387115
0.002790559792157,-0.005757596532206
-0.004568460714204,0.004479201483299
-0.004414021775711,0.004625398747604
-0.000503410379892,-0.006354225612302
0.002705573115832,0.005711033465456
-0.001909746406041,0.006023816587535
-0.005777116078450,-0.002547055377364
-0.001431167844430,-0.006141890138957
0.006120095108643,-0.001466159540362
-0.006148233193368,0.001213568958187
-0.000687851373792,-0.006225534172142
-0.001179208884259,0.006138452494191
0.003515587917419,0.005151351022132
-0.004711795089072,0.004079329320171
0.005056675080257,-0.003635472683421
0.000901353595167,-0.006157085769664
-0.005922717107381,0.001754781398935
0.000752496739481,-0.006128285630512
-0.001491863049913,0.005973400763146
-0.006086450456667,-0.000678395779929
0.003443898105037,0.005047364323626
0.004676145608423,-0.003932151481932
0.003776625555420,-0.004802366743217
-0.001310726711941,0.005956318318032
0.004025142193132,-0.004549750970399
0.005326093638911,-0.002875842004941
0.005958976787475,0.000949732878488
-0.005923812337836,0.001027268784109
-0.004940724367414,-0.003424650413687
0.003123820264899,0.005113735279385
-0.005884803857562,-0.001071200814983
-0.005761604671039,0.001577960552282
0.003634270698614,-0.004728596940286
0.005938401355347,-0.000504868671631
-0.005904758273341,0.000806588991880
-0.003371909668352,0.004899263907865
0.004201834749669,-0.004200136105539
0.002419970703431,0.005417745699679
-0.003801902441183,0.004542713774408
0.005214683439239,0.002783144194434
-0.003283717972325,-0.004910967077815
0.001335261581816,0.005742724767198
-0.003450276920425,-0.004774451553738
-0.000672402889455,-0.005845333866138
0.005611520779425,0.001749483788750
-0.003875627260068,-0.004416928303278
-0.005319332842236,-0.002496507278948
-0.001951168408548,0.005531831992419
-0.005043697527282,-0.002979289783297
0.005508758271083,-0.001973255162519
0.002120399940502,-0.005452774716343
-0.004373217514571,-0.003837415417975
-0.005784535241816,0.000410339952554
-0.004992149374527,-0.002916895078325
-0.005265034777317,-0.002368448871769
-0.003430668328551,-0.004636331548872
0.000049610693629,-0.005737811963235
-0.004173045997555,0.003928140093640
0.004207077613656,-0.003854153371461
0.005550523976494,0.001289859989086
0.003813134621681,-0.004197123946234
-0.005568299224070,-0.001036704934039
0.002992270868668,-0.004774845228474
-0.004945043184730,0.002692474247123
0.005530606943608,0.001003852801879
-0.003795053121195,-0.004120878490907
0.000580069095264,-0.005564834432102
-0.001318216726073,-0.005419504340623
-0.002835526101853,-0.004802140833576
0.005549868523512,0.000238129973242
-0.004044679022567,-0.003737312233204
0.004898129239525,-0.002506396498004
0.002102154508067,0.005079674350814
-0.005235349191336,-0.001533777954670
-0.003883626176266,0.003722912329879
-0.004707809633912,0.002598617251181
-0.001503511643698,-0.005161446608752
0.001813052765513,-0.005051923009401
0.000532584265776,-0.005337133820242
-0.000453190115193,-0.005342249734589
-0.004545707973564,0.002828202370610
-0.004946307056087,0.001947407398556
0.004272932791965,0.003154068486541
-0.005243785293939,-0.000806660948550
0.003161586232061,0.004250864220644
0.002263379568894,-0.004786911724975
-0.004707274575882,0.002363860817258
-0.001469138203538,0.005036355805194
0.003693129088642,-0.003684321086394
0.000893072185260,0.005107823954933
-0.005157907313665,0.000509951350351
-0.004084981698972,0.003185349824706
-0.000570363269691,-0.005137190767202
-0.000159632045646,0.005161821401271
0.004105533573891,-0.003052370418078
0.001206137958883,0.004966742661198
0.004794537713577,-0.001713855410586
-0.003750306806786,-0.003439099631202
-0.001412079607865,0.004883350443958
-0.000035530473883,0.005080151020532
-0.000892963152724,-0.004979167395034
0.004478245582058,0.002314133442865
-0.001410578702618,-0.004818189043090
-0.005008301868555,-0.000009224573843
0.000478890347786,-0.004974694079568
-0.000814213843036,0.004930060281928
0.004994432792654,0.000058129625755
0.004864655192161,-0.001107869222765
-0.001122904126827,0.004842147600504
-0.001900193244222,-0.004547017299205
0.004174944023235,0.002611590233988
-0.001911319667272,0.004507064907462
-0.000695764141924,-0.004840180159440
0.004433120534364,0.002033180984904
-0.003545974953399,0.003343860634945
-0.000836462985227,0.004798745390852
-0.004855771679732,0.000065475405108
0.004820071239620,0.000566115932871
0.003821566515984,-0.002978030694425
0.003324179707840,0.003509442757076
-0.002997238613988,-0.003732497272969
0.000997025265357,0.004651951349030
0.000526510728614,0.004716989163510
0.002560559770700,-0.003991686746433
-0.001673406796286,-0.004431280304786
-0.003012709096269,-0.003645616793958
-0.004710641691909,-0.000071042100400
-0.001105279106973,0.004568499866220
0.004641922979004,-0.000701543748092
0.004618739889360,-0.000786513640167
-0.004603043592532,0.000831704188088
0.001626513878900,-0.004383175660589
-0.004593559356045,-0.000855962363498
0.000467315903728,-0.004628746439245
0.001631608496756,0.004331860828666
-0.003276813706842,-0.003256661602826
-0.001111185713417,-0.004482351370688
-0.000539045408500,0.004534301990159
-0.003921408146469,0.002310625123431
-0.002175068608117,0.003990783148877
-0.002126675935959,-0.004015991597203
-0.002803881875108,0.003569231518042
0.001708238579928,-0.004179265808466
0.002421859683394,0.003805700538682
-0.003221107923964,-0.003101164902677
-0.002387087659694,0.003734800935315
-0.004129726124890,0.001587769015656
-0.002615873850306,-0.003550138884913
-0.002773826707425,0.003406579083242
-0.000563002511778,-0.004348525778013
-0.002133287663318,0.003829610049076
-0.003629933197124,0.002429448720390
-0.004339994369808,-0.000037661983414
-0.001902334601054,-0.003891881360083
0.000589246043245,0.004287813398939
-0.002364166940488,-0.003608783371176
-0.004068003400507,-0.001405757019230
0.004271192737784,-0.000464995143242
0.003487083726413,-0.002491479660829
-0.003849645689087,-0.001873872353099
-0.004094351216618,0.001249172271664
-0.004175470974236,-0.000931244127953
0.002349521522697,0.003574726768982
-0.000448910837882,-0.004247496137421
-0.003174404599467,-0.002834705203259
0.003023161799951,-0.002993860353771
0.002743628604688,0.003220272019401
-0.003983911299739,-0.001394319205518
0.002547380049319,0.003357336931528
0.003713349786695,-0.001980133071320
0.001809091524318,-0.003792371234409
-0.001199511629530,0.003981706013688
-0.001163160629614,0.003976906302518
0.003661964305714,-0.001930904395664
0.002883770593142,-0.002964951274221
0.001030183945191,0.004002893367099
0.001940714041164,0.003638438187443
-0.001482161739751,-0.003846366951728
-0.002002900528461,0.003602705736611
-0.001912911910388,0.003626237752825
-0.003151044713406,-0.002580866165144
0.001564642576869,0.003740697659585
-0.003269530731023,-0.002369850887606
0.003896142570726,0.000965736303966
-0.003911282301673,-0.000833641989585
-0.002130556691175,-0.003357466416038
-0.003247263851383,0.002289279415248
0.001008383298566,-0.003841924753381
-0.003047796292002,0.002521463629899
0.001356697881104,0.003708376333713
-0.002832530633013,0.002703189709906
-0.003861258682849,0.000471834796202
-0.002588085727507,0.002902596232311
-0.003351289792529,-0.001966727486605
0.001133873846402,0.003700017310447
0.000395925353761,0.003839973096962
-0.003210910217430,0.002111471829093
0.002414907391634,-0.002965672030926
-0.003182613507219,-0.002103278908714
-0.000028243514951,-0.003814562320115
0.000254675135108,-0.003795638678414
-0.003688414528803,-0.000891504664015
-0.003705644337102,-0.000776620977459
0.001839552198510,-0.003295274284021
0.003505055810694,-0.001364559264431
0.003547073159245,0.001210326859358
-0.003523233732312,0.001274349072873
-0.001810275931114,-0.003261081904555
0.000546121976856,0.003673925131459
0.003693962214869,-0.000372749870389
-0.000840498243082,0.003613066850585
-0.003526686478189,0.001068152877147
0.002897933597175,-0.002268584684457
-0.002444347760152,-0.002748022245655
-0.003476606962471,-0.001182442918116
-0.003314570351819,-0.001512893646058
-0.002502545907437,0.002643220125244
-0.002229371226092,-0.002856065899119
0.003575089174129,-0.000571641902156
-0.001690929302685,0.003186736839490
-0.003236135786011,0.001583238340499
-0.002884189401470,-0.002156734376564
0.003465767319658,-0.000927153786809
-0.003566900566377,0.000183715031860
-0.003177439496060,0.001627930101667
-0.001177851067500,0.003365532193031
0.001423741728599,-0.003238502428394
0.002523380219686,-0.002476495010491
-0.002987044638725,-0.001862428841804
0.000833390149422,0.003383557790869
-0.001575628523849,0.003098230997225
-0.002981310197654,0.001781526868922
0.001296110139449,-0.003221222782259
-0.000941194345172,-0.003336421095703
0.003102471630635,0.001541773139114
-0.003117895615158,-0.001467835744128
-0.001657476452794,-0.003012675388134
0.000006689470384,-0.003432918225037
0.002483214362828,0.002319275278309
0.003363409084906,0.000433743857430
-0.002153724393035,0.002613663392729
0.001858477573913,0.002819320996212
-0.001552022118352,-0.002998885773279
-0.002903121455475,0.001723936160996
-0.002012013051999,0.002656588825415
0.003190563338609,-0.000927297299349
0.000025748144026,0.003304788808468
-0.002481939553937,0.002163042068743
-0.003248706112378,-0.000332947518053
0.000710295253089,0.003174236268470
-0.003001224856299,0.001221856196787
0.001598656446335,0.002782876604435
-0.000712404611787,0.003092398985333
-0.002826175246451,0.001391883576113
-0.003128218546851,0.000313578696896
0.003077011136278,0.000629292531028
0.002393839389121,-0.002029250629161
0.003122825232893,-0.000267727420698
0.003038551900718,-0.000714368092297
-0.002700969622997,0.001553370368287
0.000990958515020,-0.002953604482685
0.003113566041661,-0.000051676259785
0.002979135279043,-0.000888881512870
-0.002305134436173,0.002053332197077
-0.002998082860833,0.000685311988623
-0.002916885288201,0.000944805963044
-0.002977007958223,-0.000617479124050
0.002829262541841,0.001089903144966
0.003009089815837,-0.000362732531198
0.002276345663666,0.001998056900482
0.003013328274938,0.000297465183501
-0.002238150066029,-0.002009527605265
0.002142206906330,-0.002110022814201
0.002259525969622,-0.001979819310080
-0.000937228026982,0.002852570445669
0.002412758862154,-0.001747675045232
0.000512084064578,0.002929592859051
-0.001956836125531,-0.002218792597546
-0.001351496632396,-0.002629179751940
0.001792984400747,-0.002330007003922
-0.000615169869685,-0.002847293481709
-0.000427193819949,-0.002877263098652
0.000988976107916,-0.002732757953298
0.000256447614579,0.002893399780867
-0.001141334993496,0.002656522441778
0.002219460678787,-0.001848447744284
0.002832197323604,0.000534097930043
-0.002204984271920,-0.001855491996895
-0.002265795237801,0.001758084046754
-0.001598068388903,0.002356442727312
-0.000519200628036,0.002798104502944
-0.000705910676655,0.002753046571109
0.001139277538657,0.002596082596826
0.000839280303606,0.002706811616398
-0.000186785310686,0.002824468203633
-0.002607647191530,0.001074712462679
-0.000378311302389,0.002793340987283
-0.001781585746428,-0.002170969837938
0.002806476443847,-0.000026009361515
0.001751827384927,0.002152410563324
-0.002638008968572,0.000825749437167
-0.002741295822380,0.000277685733158
0.002335617915667,0.001453108130987
-0.002439415659118,0.001245566044868
0.000125934469441,0.002719233977359
0.001412633686258,0.002319518182901
0.002606719145546,0.000693150070650
-0.001698296969544,-0.002094771729872
-0.001096997633579,0.002453252068103
0.001747832494199,-0.002038853593395
-0.002570788491837,-0.000744355878872
-0.000696287415235,0.002583523860432
-0.000290116313587,0.002655835426280
-0.002086369370969,0.001659097134966
0.002290783833189,-0.001356895247498
0.000180668113212,-0.002644646318226
-0.001724639274933,-0.001994135723365
0.000425997951052,0.002573875853306
-0.001657338443440,0.002009105740498
0.002499947551092,0.000670789357939
0.000813879469919,-0.002452936048381
0.001634579775248,-0.001996574872191
0.001398433566801,0.002152145841002
-0.001878820517158,0.001735773094464
-0.002425018268266,0.000812072012607
-0.002348848908443,-0.000980389136056
0.000462194500072,0.002502125282329
0.002178186035111,0.001288942202840
-0.002018734709415,-0.001523693354930
-0.002402568615296,-0.000731774032276
0.002501806158997,-0.000195380969025
-0.000769215588872,0.002382644210366
-0.001778400951841,0.001743759392315
0.002353541542022,-0.000787014859618
0.002304181440939,-0.000905096106357
-0.002418839863581,0.000516544236869
-0.001724334878319,-0.001772217166475
-0.002208119060207,0.001107707895209
0.002394204784858,-0.000603585377050
-0.001163285627457,-0.002168677941114
0.001085061525964,0.002208772837296
0.001306830865684,0.002080463615459
-0.001097762024052,0.002193950426977
0.002366225949543,0.000636805345406
-0.001275318936834,-0.002085940486315
0.001134996014722,0.002161844641655
-0.000681396766532,-0.002322792559512
0.001163262384363,-0.002119711324751
0.000391271713019,0.002378447277359
0.001255165395576,-0.002036011037561
-0.001270403058502,0.001990871960394
-0.002347192236233,-0.000082437313062
0.002011472304612,0.001210085174785
0.000839066954690,-0.002187007690731
-0.001752032170502,-0.001548357678680
-0.001857543734314,0.001406481936749
0.002320390425180,-0.000192880506575
-0.002268896806422,0.000513597207498
0.001683966005294,-0.001600802611193
-0.002233195634326,0.000610668251159
-0.000301074719068,0.002278170857014
-0.001521781094232,-0.001718437285963
-0.001460393619178,0.001763801234561
0.002221429642471,0.000511759660666
-0.001329892194106,0.001846307512785
-0.001291872228466,0.001873058238115
0.001687758195419,-0.001508276846060
0.001637933518410,0.001556667442917
0.002226979690086,0.000330331950932
-0.001956717676895,0.001103624065504
-0.002239050687668,0.000015020184477
0.000649820579134,0.002142048857316
0.002217853986970,-0.000203326563014
-0.001664554443335,0.001469824027569
0.002213167247657,0.000144620874492
0.001390023227173,-0.001726533428127
0.000228666385338,0.002191894817517
-0.000558333417570,-0.002094066719513
0.002142691512362,-0.000322698777344
0.002161562828379,-0.000101656109164
0.002120431052007,0.000280777797284
0.001916761939023,-0.000946196034036
-0.000801193765409,-0.001978227032048
0.000414648343948,-0.002090997593853
-0.001929628521262,-0.000903281180675
-0.002055294271886,0.000554794398030
-0.002015796618906,0.000675753269700
-0.002105264535628,0.000290737898678
0.001098014365523,0.001805044903422
0.000654243890858,-0.002001513556447
-0.000539988301685,-0.002014694232865
-0.000096337718587,0.002073591510417
0.001501453073631,0.001425052014395
0.001455850897655,0.001471526849499
-0.000484172302990,0.002003716488121
-0.001986094226584,-0.000529831975181
-0.002002208348362,-0.000394407906027
-0.001617837625720,0.001224622899219
-0.000776049179312,0.001873512628659
0.000033678384239,0.002025444836828
-0.001967461905137,-0.000398362419685
0.001042562834431,0.001708084606953
-0.000370497168398,0.001965538878464
-0.001198048649087,-0.001586508175532
-0.000780566916050,-0.001821910661321
0.000275919209886,0.001961458627829
-0.000182987305348,0.001971755987551
0.000186985627620,0.001967794663412
0.001971291833999,-0.000076687977885
0.001791312299174,0.000820196257202
-0.001897794988548,0.000443979215979
-0.001908170297230,0.000385030273789
0.001724774591656,-0.000901001002717
0.000413443850785,-0.001898557349031
0.000361510064156,0.001879066671371
-0.001860810243581,0.000431263439360
0.001901209545264,0.000004046720750
-0.000629665182510,0.001792072274337
-0.001748514842720,-0.000696186847192
-0.001704093145396,-0.000795074169333
-0.001398167836845,-0.001252506695377
0.000246796663713,0.001849363137771
-0.000324201393115,0.001831683239686
0.001402821409759,0.001212962589281
-0.001555736696588,0.001008731472895
0.000241196627798,-0.001833632751584
0.001801656290582,0.000383640483230
-0.001645777469281,0.000793082344083
0.001194359049708,-0.001378644092397
-0.001808282037144,-0.000221583072733
-0.001085569047365,0.001453724994366
-0.000698483274853,0.001657436543911
-0.001786997753045,-0.000083163932630
0.001001075731273,0.001477324010474
0.001718946804443,-0.000421848122653
-0.001332334739481,-0.001162993747320
0.001720139983064,-0.000332970611952
-0.001022261451385,0.001407756003345
0.001456961340530,0.000942558800817
-0.001556258256552,0.000746184806417
0.000588897147944,0.001617318527267
-0.000852886591369,-0.001484466028692
0.000452882291686,-0.001636422966547
-0.001431297410794,-0.000911975386679
-0.000737492116792,-0.001514170105562
0.001200574518486,0.001175620947116
0.000199200887521,0.001661625179090
-0.001647296581485,-0.000196439568492
0.001451542629877,-0.000779475947941
-0.000642992069660,-0.001512218153098
-0.000042479268044,0.001617200510522
0.000745659948115,0.001433629048059
-0.000324745907825,0.001581368633710
-0.000757832819568,-0.001424771862526
-0.001611418545178,-0.000054875941259
-0.001043577654568,0.001216484613129
-0.001100544887002,0.001161224684699
0.001563191237695,0.000302341832208
0.001497186773736,-0.000524778131995
0.001169250079380,-0.001055707117056
-0.000846602647526,0.001320123127975
-0.001514080774156,0.000339946987815
-0.001538426748348,-0.000078248889897
-0.000738023873318,0.001342002810020
-0.001415698751646,-0.000503025585878
0.001440279069228,0.000401288708457
-0.001234144169783,-0.000843490509284
-0.000883493692049,0.001185279826434
-0.000111999253512,0.001471144177629
-0.001467943340535,-0.000095599852613
0.001344336986559,0.000592897281068
-0.001362100789123,-0.000543135041060
0.001378738931674,0.000483621719183
-0.000345733070995,0.001417015338703
0.001292665210787,-0.000655744248976
-0.001227427118054,-0.000768456608693
0.000501907627971,-0.001355221933570
-0.001397378149292,-0.000365965623783
0.001434093609794,0.000171180942371
0.001071352682554,-0.000965965376042
0.000692086087265,0.001265332846001
0.000810514902949,-0.001171035022917
0.000892251375585,0.001107765542515
0.000078667691024,0.001419624356200
-0.000410513557781,-0.001347152854286
0.000470431740235,0.001322865905267
0.000376021921537,-0.001351630921028
0.001182864872512,0.000735482229550
0.000438051813566,-0.001312352909259
0.000852254778589,0.001083281209806
-0.000557192901275,0.001252483647534
-0.000610950058457,-0.001205773175005
-0.000782360009953,-0.001098732968747
0.000533482946365,0.001227062224153
0.000303406117476,-0.001290913665461
0.001287935144468,0.000274297531532
-0.000897172467909,-0.000948132666695
0.000893155393128,0.000944249613990
0.000149541029778,-0.001285934458081
0.000423752579964,-0.001192680154914
-0.000871498570639,0.000911450271369
-0.001119217108520,-0.000578250260527
-0.000396479495415,-0.001192410984414
-0.001175058346326,0.000420541872469
-0.000590701919078,0.001097783293792
0.000735503169858,-0.001001647586156
-0.000710488486179,-0.001015269521425
0.000934648560084,0.000806612611398
-0.000815986484446,-0.000921098391278
-0.000906366757187,-0.000819926179849
-0.001017261734242,0.000660959760969
0.001177007551526,-0.000207723570413
0.000933120175679,0.000727186517380
0.001157973601012,-0.000210384790739
0.001105179449492,-0.000380765158885
-0.001161020232574,0.000071267919052
0.000527768753175,0.001036535798084
-0.001009433060897,0.000564281515492
0.000729153827358,0.000896383044255
-0.000606181106904,0.000954198430681
-0.000588271591368,-0.000963559411830
-0.001108946378344,-0.000131955583402
0.000279879653734,0.001074233922255
-0.000187695545971,0.001093013991480
0.000034820429629,-0.001094307728115
-0.000799640044547,0.000734156582451
0.000771192925741,-0.000749269308699
0.001073088313912,0.000001034144561
0.000307208880849,0.001021197552985
0.000554043244169,-0.000908598248124
-0.000523069489261,-0.000914634057715
0.000180372817126,0.001037865119916
0.000121020745121,0.001041258740170
-0.000526948049495,-0.000903905449225
0.000341162612340,-0.000957763588691
-0.000918249137732,0.000427720286778
-0.000974082904993,-0.000253501684427
-0.000606714965178,0.000793918980964
0.000805316734544,-0.000573400993650
-0.000950294420599,0.000223517432216
-0.000911944721252,-0.000323604514895
-0.000150390912696,0.000955386019598
0.000751343188965,-0.000607701658357
0.000836073688089,-0.000480507146593
-0.000758227990093,0.000595668890620
-0.000546635147989,0.000789976189568
0.000202036391255,-0.000934394996506
-0.000423502655771,-0.000856337437961
-0.000877845248545,-0.000375912201415
-0.000644198657438,-0.000686385513317
-0.000877764355852,0.000325041350548
-0.000806121439273,0.000474661096525
-0.000501363260941,-0.000765542531199
-0.000404713766532,0.000813140946882
-0.000809169681022,-0.000395706883731
0.000894469558749,-0.000087018161760
0.000163292413781,-0.000877418244359
-0.000561081779930,-0.000654016053556
0.000359017851524,-0.000772983874635
-0.000782111322902,-0.000304972279476
-0.000784749348304,0.000273264390430
-0.000720069683702,0.000410129992227
-0.000489312726411,-0.000650045881566
0.000164022848975,0.000794311965760
0.000298131132239,-0.000750259557079
0.000033996630781,-0.000802770362302
-0.000208283277562,-0.000770930320777
-0.000760859261631,0.000239136986329
0.000753980378300,0.000257908246074
-0.000785567028743,-0.000133467273260
-0.000563430760001,-0.000558525575901
-0.000029821079632,-0.000791434364022
-0.000494174311161,-0.000610514423399
-0.000276877394781,0.000717974265525
0.000152157299849,0.000751146391341
-0.000561712909100,-0.000511573363874
0.000741009630734,-0.000061083579178
-0.000741919414006,-0.000020668048600
0.000454981655080,-0.000578270346050
-0.000423210185232,0.000595092421548
0.000212369615312,-0.000666891505740
-0.000441136785652,-0.000543259181625
-0.000275060598068,-0.000626730543412
0.000669000468216,0.000031069347087
-0.000227190325974,-0.000559725698723
-0.000364314602034,-0.000439673470993
-0.000247721475131,0.000508820351397
0.000266120219745,-0.000468396047315
-0.000152930228192,-0.000507319961652
-0.000011812543192,-0.000527277600353
0.000370263960120,-0.000360259593924
0.000483057081170,-0.000153955950784
0.000095599643669,0.000490089312116
-0.000457219318090,0.000193006938702
-0.000292588346337,-0.000394414566789
-0.000174130320371,-0.000426079025175
0.000008257949874,0.000452874843553
0.000085957468676,-0.000435559605429
0.000234538937023,-0.000351029337901
0.000416390876174,0.000020918372901
0.000245257389039,-0.000266912131538
-0.000087941196905,0.000289180494520
0.000087535150130,-0.000252215979313
0.000191920379305,-0.000149585391686
-0.000116186700962,0.000096699369704
0.000000000000000,-0.000000000000000
-0.000000000000000,0.000000000000000
0.000000000000000,0.000000000000000
-0.000000000000000,0.000000000000000
0.000000000000000,-0.000000000000000
-0.000000000000000,-0.000000000000000
-0.000000000000000,-0.000000000000000
0.000000000000000,0.000000000000000
-0.000000000000000,0.000000000000000
0.000000000000000,-0.000000000000000
0.000000000000000,0.000000000000000
0.000000000000000,0.000000000000000
0.000000000000000,-0.000000000000000
-0.000000000000000,0.000000000000000
-0.000000000000000,0.000000000000000
-0.000000000000000,-0.000000000000000
-0.000000000000000,0.000000000000000
-0.000000000000000,-0.000000000000000
-0.000000000000000,0.000000000000000
0.000000000000000,-0.000000000000000
0.000000000000000,-0.000000000000000
0.000000000000000,0.000000000000000
0.000000000000000,-0.000000000000000
0.000000000000000,-0.000000000000000
-0.000000000000000,-0.000000000000000
-0.000000000000000,-0.000000000000000
-0.000000000000000,0.000000000000000
0.000000000000000,0.000000000000000
0.000000000000000,0.000000000000000
0.000000000000000,-0.000000000000000
0.000000000000000,0.000000000000000
-0.000000000000000,0.000000000000000
0.000000000000000,-0.000000000000000
-0.000000000000000,-0.000000000000000
-0.000000000000000,0.000000000000000
0.000000000000000,0.000000000000000
-0.000000000000000,-0.000000000000000
-0.000000000000000,-0.000000000000000
0.000000000000000,0.000000000000000
0.000000000000000,-0.000000000000000
0.000000000000000,-0.000000000000000
0.000000000000000,0.000000000000000
-0.000000000000000,-0.000000000000000
-0.000000000000000,0.000000000000000
-0.000000000000000,-0.000000000000000
0.000000000000000,0.000000000000000
-0.000000000000000,0.000000000000000
-0.000000000000000,0.000000000000000
0.000000000000000,0.000000000000000
0.000000000000000,-0.000000000000000
-0.000000000000000,0.000000000000000
-0.000000000000000,0.000000000000000
0.000000000000000,0.000000000000000
-0.000000000000000,-0.000000000000000
0.000000000000000,-0.000000000000000
-0.000000000000000,-0.000000000000000
0.000000000000000,0.000000000000000
-0.000000000000000,0.000000000000000
0.000000000000000,-0.000000000000000
-0.000000000000000,-0.000000000000000
0.000000000000000,0.000000000000000
-0.000000000000000,-0.000000000000000
-0.000000000000000,0.000000000000000
-0.000000000000000,-0.000000000000000
0.000000000000000,0.000000000000000
0.000000000000000,-0.000000000000000
0.000000000000000,0.000000000000000
-0.000000000000000,-0.000000000000000
0.000000000000000,0.000000000000000
-0.000000000000000,-0.000000000000000
0.000000000000000,-0.000000000000000
0.000000000000000,-0.000000000000000
0.000000000000000,-0.000000000000000
-0.000000000000000,-0.000000000000000
-0.000000000000000,0.000000000000000
-0.000000000000000,0.000000000000000
-0.000000000000000,-0.000000000000000
0.000000000000000,-0.000000000000000
0.000000000000000,0.000000000000000
0.000000000000000,-0.000000000000000
0.000000000000000,0.000000000000000
-0.000000000000000,0.000000000000000
-0.000000000000000,-0.000000000000000
-0.000000000000000,0.000000000000000
-0.000000000000000,-0.000000000000000
-0.000000000000000,-0.000000000000000
0.000000000000000,0.000000000000000
0.000000000000000,-0.000000000000000
0.000000000000000,0.000000000000000
-0.000000000000000,0.000000000000000
0.000000000000000,-0.000000000000000
-0.000000000000000,-0.000000000000000
-0.000000000000000,0.000000000000000
-0.000000000000000,-0.000000000000000
0.000000000000000,-0.000000000000000
-0.000000000000000,0.000000000000000
-0.000000000000000,0.000000000000000
0.000000000000000,-0.000000000000000
0.000000000000000,0.000000000000000
0.000000000000000,-0.000000000000000
